Gender,Item Purchased,Category,Purchase Amount (USD)
Male,Blouse,Clothing,53
Male,Blouse,Clothing,49
Male,Blouse,Clothing,33
Male,Blouse,Clothing,28
Male,Blouse,Clothing,94
Male,Blouse,Clothing,86
Male,Blouse,Clothing,82
Male,Blouse,Clothing,22
Male,Blouse,Clothing,26
Male,Blouse,Clothing,44
Male,Blouse,Clothing,46
Male,Blouse,Clothing,59
Male,Blouse,Clothing,100
Male,Blouse,Clothing,96
Male,Blouse,Clothing,100
Male,Blouse,Clothing,49
Male,Blouse,Clothing,50
Male,Blouse,Clothing,78
Male,Blouse,Clothing,70
Male,Blouse,Clothing,74
Male,Blouse,Clothing,71
Male,Blouse,Clothing,81
Male,Blouse,Clothing,57
Male,Blouse,Clothing,94
Male,Blouse,Clothing,26
Male,Blouse,Clothing,97
Male,Blouse,Clothing,32
Male,Blouse,Clothing,89
Male,Blouse,Clothing,70
Male,Blouse,Clothing,86
Male,Blouse,Clothing,29
Male,Blouse,Clothing,20
Male,Blouse,Clothing,37
Male,Blouse,Clothing,23
Male,Blouse,Clothing,31
Male,Blouse,Clothing,97
Male,Blouse,Clothing,32
Male,Blouse,Clothing,21
Male,Blouse,Clothing,90
Male,Blouse,Clothing,61
Male,Blouse,Clothing,85
Male,Blouse,Clothing,29
Male,Blouse,Clothing,58
Male,Blouse,Clothing,79
Male,Blouse,Clothing,97
Male,Blouse,Clothing,61
Male,Blouse,Clothing,84
Male,Blouse,Clothing,30
Male,Blouse,Clothing,66
Male,Blouse,Clothing,44
Male,Blouse,Clothing,49
Male,Blouse,Clothing,45
Male,Blouse,Clothing,95
Male,Blouse,Clothing,64
Male,Blouse,Clothing,88
Male,Blouse,Clothing,42
Male,Blouse,Clothing,33
Male,Blouse,Clothing,62
Male,Blouse,Clothing,48
Male,Blouse,Clothing,47
Male,Blouse,Clothing,53
Male,Blouse,Clothing,85
Male,Blouse,Clothing,41
Male,Blouse,Clothing,34
Male,Blouse,Clothing,71
Male,Blouse,Clothing,67
Male,Blouse,Clothing,77
Male,Blouse,Clothing,99
Male,Blouse,Clothing,33
Male,Blouse,Clothing,41
Male,Blouse,Clothing,84
Male,Blouse,Clothing,68
Male,Blouse,Clothing,96
Male,Blouse,Clothing,36
Male,Blouse,Clothing,63
Male,Blouse,Clothing,70
Male,Blouse,Clothing,94
Male,Blouse,Clothing,92
Male,Blouse,Clothing,99
Male,Blouse,Clothing,78
Male,Blouse,Clothing,94
Male,Blouse,Clothing,69
Male,Blouse,Clothing,91
Male,Blouse,Clothing,31
Male,Blouse,Clothing,22
Male,Blouse,Clothing,72
Male,Blouse,Clothing,63
Male,Blouse,Clothing,45
Male,Blouse,Clothing,24
Male,Blouse,Clothing,34
Male,Blouse,Clothing,78
Male,Blouse,Clothing,94
Male,Blouse,Clothing,35
Male,Blouse,Clothing,83
Male,Blouse,Clothing,95
Male,Blouse,Clothing,21
Male,Blouse,Clothing,72
Male,Blouse,Clothing,55
Male,Blouse,Clothing,78
Male,Blouse,Clothing,92
Male,Blouse,Clothing,42
Male,Blouse,Clothing,20
Male,Blouse,Clothing,56
Male,Blouse,Clothing,23
Male,Blouse,Clothing,35
Female,Blouse,Clothing,36
Female,Blouse,Clothing,35
Female,Blouse,Clothing,98
Female,Blouse,Clothing,25
Female,Blouse,Clothing,24
Female,Blouse,Clothing,80
Female,Blouse,Clothing,39
Female,Blouse,Clothing,67
Female,Blouse,Clothing,96
Female,Blouse,Clothing,73
Female,Blouse,Clothing,75
Female,Blouse,Clothing,57
Female,Blouse,Clothing,51
Female,Blouse,Clothing,91
Female,Blouse,Clothing,67
Female,Blouse,Clothing,43
Female,Blouse,Clothing,87
Female,Blouse,Clothing,53
Female,Blouse,Clothing,26
Female,Blouse,Clothing,82
Female,Blouse,Clothing,74
Female,Blouse,Clothing,48
Female,Blouse,Clothing,31
Female,Blouse,Clothing,97
Female,Blouse,Clothing,95
Female,Blouse,Clothing,25
Female,Blouse,Clothing,72
Female,Blouse,Clothing,59
Female,Blouse,Clothing,98
Female,Blouse,Clothing,60
Female,Blouse,Clothing,34
Female,Blouse,Clothing,23
Female,Blouse,Clothing,82
Female,Blouse,Clothing,44
Female,Blouse,Clothing,45
Female,Blouse,Clothing,28
Female,Blouse,Clothing,47
Female,Blouse,Clothing,38
Female,Blouse,Clothing,87
Female,Blouse,Clothing,68
Female,Blouse,Clothing,37
Female,Blouse,Clothing,73
Female,Blouse,Clothing,42
Female,Blouse,Clothing,74
Female,Blouse,Clothing,97
Female,Blouse,Clothing,66
Female,Blouse,Clothing,37
Female,Blouse,Clothing,23
Female,Blouse,Clothing,90
Female,Blouse,Clothing,83
Female,Blouse,Clothing,77
Female,Blouse,Clothing,41
Female,Blouse,Clothing,98
Female,Blouse,Clothing,88
Female,Blouse,Clothing,32
Female,Blouse,Clothing,71
Female,Blouse,Clothing,23
Female,Blouse,Clothing,46
Female,Blouse,Clothing,48
Female,Blouse,Clothing,72
Female,Blouse,Clothing,95
Female,Blouse,Clothing,80
Female,Blouse,Clothing,84
Female,Blouse,Clothing,39
Female,Blouse,Clothing,82
Female,Blouse,Clothing,58
Male,Sweater,Clothing,64
Male,Sweater,Clothing,48
Male,Sweater,Clothing,37
Male,Sweater,Clothing,62
Male,Sweater,Clothing,45
Male,Sweater,Clothing,89
Male,Sweater,Clothing,86
Male,Sweater,Clothing,89
Male,Sweater,Clothing,65
Male,Sweater,Clothing,83
Male,Sweater,Clothing,45
Male,Sweater,Clothing,66
Male,Sweater,Clothing,54
Male,Sweater,Clothing,95
Male,Sweater,Clothing,30
Male,Sweater,Clothing,44
Male,Sweater,Clothing,59
Male,Sweater,Clothing,82
Male,Sweater,Clothing,51
Male,Sweater,Clothing,64
Male,Sweater,Clothing,85
Male,Sweater,Clothing,59
Male,Sweater,Clothing,68
Male,Sweater,Clothing,85
Male,Sweater,Clothing,33
Male,Sweater,Clothing,86
Male,Sweater,Clothing,26
Male,Sweater,Clothing,73
Male,Sweater,Clothing,23
Male,Sweater,Clothing,76
Male,Sweater,Clothing,56
Male,Sweater,Clothing,29
Male,Sweater,Clothing,80
Male,Sweater,Clothing,100
Male,Sweater,Clothing,54
Male,Sweater,Clothing,85
Male,Sweater,Clothing,20
Male,Sweater,Clothing,57
Male,Sweater,Clothing,41
Male,Sweater,Clothing,35
Male,Sweater,Clothing,32
Male,Sweater,Clothing,97
Male,Sweater,Clothing,50
Male,Sweater,Clothing,68
Male,Sweater,Clothing,37
Male,Sweater,Clothing,24
Male,Sweater,Clothing,88
Male,Sweater,Clothing,58
Male,Sweater,Clothing,43
Male,Sweater,Clothing,64
Male,Sweater,Clothing,40
Male,Sweater,Clothing,79
Male,Sweater,Clothing,64
Male,Sweater,Clothing,35
Male,Sweater,Clothing,59
Male,Sweater,Clothing,80
Male,Sweater,Clothing,73
Male,Sweater,Clothing,83
Male,Sweater,Clothing,20
Male,Sweater,Clothing,23
Male,Sweater,Clothing,22
Male,Sweater,Clothing,92
Male,Sweater,Clothing,32
Male,Sweater,Clothing,74
Male,Sweater,Clothing,33
Male,Sweater,Clothing,97
Male,Sweater,Clothing,86
Male,Sweater,Clothing,95
Male,Sweater,Clothing,64
Male,Sweater,Clothing,36
Male,Sweater,Clothing,28
Male,Sweater,Clothing,72
Male,Sweater,Clothing,32
Male,Sweater,Clothing,25
Male,Sweater,Clothing,92
Male,Sweater,Clothing,32
Male,Sweater,Clothing,36
Male,Sweater,Clothing,35
Male,Sweater,Clothing,81
Male,Sweater,Clothing,67
Male,Sweater,Clothing,39
Male,Sweater,Clothing,40
Male,Sweater,Clothing,58
Male,Sweater,Clothing,54
Male,Sweater,Clothing,78
Male,Sweater,Clothing,38
Male,Sweater,Clothing,57
Male,Sweater,Clothing,42
Male,Sweater,Clothing,80
Male,Sweater,Clothing,61
Male,Sweater,Clothing,44
Male,Sweater,Clothing,84
Male,Sweater,Clothing,56
Male,Sweater,Clothing,90
Male,Sweater,Clothing,21
Male,Sweater,Clothing,23
Male,Sweater,Clothing,56
Male,Sweater,Clothing,70
Male,Sweater,Clothing,28
Male,Sweater,Clothing,31
Male,Sweater,Clothing,42
Male,Sweater,Clothing,32
Male,Sweater,Clothing,68
Male,Sweater,Clothing,89
Male,Sweater,Clothing,26
Male,Sweater,Clothing,68
Male,Sweater,Clothing,50
Male,Sweater,Clothing,93
Male,Sweater,Clothing,23
Male,Sweater,Clothing,60
Male,Sweater,Clothing,40
Male,Sweater,Clothing,95
Male,Sweater,Clothing,72
Male,Sweater,Clothing,54
Female,Sweater,Clothing,30
Female,Sweater,Clothing,45
Female,Sweater,Clothing,64
Female,Sweater,Clothing,41
Female,Sweater,Clothing,85
Female,Sweater,Clothing,26
Female,Sweater,Clothing,79
Female,Sweater,Clothing,43
Female,Sweater,Clothing,40
Female,Sweater,Clothing,72
Female,Sweater,Clothing,91
Female,Sweater,Clothing,46
Female,Sweater,Clothing,48
Female,Sweater,Clothing,100
Female,Sweater,Clothing,40
Female,Sweater,Clothing,56
Female,Sweater,Clothing,71
Female,Sweater,Clothing,41
Female,Sweater,Clothing,88
Female,Sweater,Clothing,50
Female,Sweater,Clothing,97
Female,Sweater,Clothing,99
Female,Sweater,Clothing,53
Female,Sweater,Clothing,76
Female,Sweater,Clothing,71
Female,Sweater,Clothing,81
Female,Sweater,Clothing,31
Female,Sweater,Clothing,20
Female,Sweater,Clothing,60
Female,Sweater,Clothing,92
Female,Sweater,Clothing,23
Female,Sweater,Clothing,51
Female,Sweater,Clothing,35
Female,Sweater,Clothing,61
Female,Sweater,Clothing,79
Female,Sweater,Clothing,96
Female,Sweater,Clothing,56
Female,Sweater,Clothing,27
Female,Sweater,Clothing,99
Female,Sweater,Clothing,88
Female,Sweater,Clothing,90
Female,Sweater,Clothing,27
Female,Sweater,Clothing,41
Female,Sweater,Clothing,53
Female,Sweater,Clothing,35
Female,Sweater,Clothing,60
Female,Sweater,Clothing,26
Female,Sweater,Clothing,52
Female,Sweater,Clothing,34
Female,Sweater,Clothing,54
Male,Shirt,Clothing,85
Male,Shirt,Clothing,43
Male,Shirt,Clothing,55
Male,Shirt,Clothing,28
Male,Shirt,Clothing,85
Male,Shirt,Clothing,73
Male,Shirt,Clothing,25
Male,Shirt,Clothing,64
Male,Shirt,Clothing,29
Male,Shirt,Clothing,82
Male,Shirt,Clothing,98
Male,Shirt,Clothing,86
Male,Shirt,Clothing,40
Male,Shirt,Clothing,40
Male,Shirt,Clothing,86
Male,Shirt,Clothing,89
Male,Shirt,Clothing,74
Male,Shirt,Clothing,62
Male,Shirt,Clothing,87
Male,Shirt,Clothing,46
Male,Shirt,Clothing,39
Male,Shirt,Clothing,60
Male,Shirt,Clothing,70
Male,Shirt,Clothing,68
Male,Shirt,Clothing,66
Male,Shirt,Clothing,59
Male,Shirt,Clothing,71
Male,Shirt,Clothing,38
Male,Shirt,Clothing,22
Male,Shirt,Clothing,57
Male,Shirt,Clothing,69
Male,Shirt,Clothing,60
Male,Shirt,Clothing,62
Male,Shirt,Clothing,91
Male,Shirt,Clothing,59
Male,Shirt,Clothing,31
Male,Shirt,Clothing,24
Male,Shirt,Clothing,87
Male,Shirt,Clothing,33
Male,Shirt,Clothing,91
Male,Shirt,Clothing,82
Male,Shirt,Clothing,24
Male,Shirt,Clothing,99
Male,Shirt,Clothing,76
Male,Shirt,Clothing,84
Male,Shirt,Clothing,25
Male,Shirt,Clothing,94
Male,Shirt,Clothing,53
Male,Shirt,Clothing,73
Male,Shirt,Clothing,91
Male,Shirt,Clothing,41
Male,Shirt,Clothing,97
Male,Shirt,Clothing,45
Male,Shirt,Clothing,93
Male,Shirt,Clothing,29
Male,Shirt,Clothing,79
Male,Shirt,Clothing,68
Male,Shirt,Clothing,94
Male,Shirt,Clothing,64
Male,Shirt,Clothing,54
Male,Shirt,Clothing,36
Male,Shirt,Clothing,46
Male,Shirt,Clothing,75
Male,Shirt,Clothing,57
Male,Shirt,Clothing,54
Male,Shirt,Clothing,30
Male,Shirt,Clothing,28
Male,Shirt,Clothing,54
Male,Shirt,Clothing,59
Male,Shirt,Clothing,93
Male,Shirt,Clothing,22
Male,Shirt,Clothing,93
Male,Shirt,Clothing,73
Male,Shirt,Clothing,67
Male,Shirt,Clothing,87
Male,Shirt,Clothing,22
Male,Shirt,Clothing,82
Male,Shirt,Clothing,94
Male,Shirt,Clothing,85
Male,Shirt,Clothing,78
Male,Shirt,Clothing,76
Male,Shirt,Clothing,36
Male,Shirt,Clothing,32
Male,Shirt,Clothing,70
Male,Shirt,Clothing,65
Male,Shirt,Clothing,25
Male,Shirt,Clothing,68
Male,Shirt,Clothing,29
Male,Shirt,Clothing,98
Male,Shirt,Clothing,23
Male,Shirt,Clothing,51
Male,Shirt,Clothing,40
Male,Shirt,Clothing,94
Male,Shirt,Clothing,58
Male,Shirt,Clothing,78
Male,Shirt,Clothing,72
Male,Shirt,Clothing,21
Male,Shirt,Clothing,77
Male,Shirt,Clothing,65
Male,Shirt,Clothing,67
Male,Shirt,Clothing,64
Male,Shirt,Clothing,74
Male,Shirt,Clothing,82
Male,Shirt,Clothing,65
Male,Shirt,Clothing,67
Male,Shirt,Clothing,73
Male,Shirt,Clothing,38
Male,Shirt,Clothing,78
Male,Shirt,Clothing,26
Male,Shirt,Clothing,34
Female,Shirt,Clothing,54
Female,Shirt,Clothing,87
Female,Shirt,Clothing,80
Female,Shirt,Clothing,66
Female,Shirt,Clothing,89
Female,Shirt,Clothing,76
Female,Shirt,Clothing,56
Female,Shirt,Clothing,50
Female,Shirt,Clothing,27
Female,Shirt,Clothing,38
Female,Shirt,Clothing,29
Female,Shirt,Clothing,30
Female,Shirt,Clothing,45
Female,Shirt,Clothing,70
Female,Shirt,Clothing,64
Female,Shirt,Clothing,24
Female,Shirt,Clothing,44
Female,Shirt,Clothing,91
Female,Shirt,Clothing,70
Female,Shirt,Clothing,63
Female,Shirt,Clothing,84
Female,Shirt,Clothing,36
Female,Shirt,Clothing,63
Female,Shirt,Clothing,98
Female,Shirt,Clothing,37
Female,Shirt,Clothing,93
Female,Shirt,Clothing,76
Female,Shirt,Clothing,83
Female,Shirt,Clothing,50
Female,Shirt,Clothing,80
Female,Shirt,Clothing,65
Female,Shirt,Clothing,98
Female,Shirt,Clothing,23
Female,Shirt,Clothing,49
Female,Shirt,Clothing,32
Female,Shirt,Clothing,93
Female,Shirt,Clothing,71
Female,Shirt,Clothing,60
Female,Shirt,Clothing,21
Female,Shirt,Clothing,48
Female,Shirt,Clothing,96
Female,Shirt,Clothing,57
Female,Shirt,Clothing,46
Female,Shirt,Clothing,97
Female,Shirt,Clothing,45
Female,Shirt,Clothing,60
Female,Shirt,Clothing,44
Female,Shirt,Clothing,53
Female,Shirt,Clothing,79
Female,Shirt,Clothing,96
Female,Shirt,Clothing,80
Female,Shirt,Clothing,24
Female,Shirt,Clothing,75
Female,Shirt,Clothing,42
Female,Shirt,Clothing,61
Female,Shirt,Clothing,49
Female,Shirt,Clothing,20
Female,Shirt,Clothing,34
Female,Shirt,Clothing,81
Male,Coat,Outerwear,97
Male,Coat,Outerwear,72
Male,Coat,Outerwear,53
Male,Coat,Outerwear,100
Male,Coat,Outerwear,94
Male,Coat,Outerwear,64
Male,Coat,Outerwear,33
Male,Coat,Outerwear,32
Male,Coat,Outerwear,85
Male,Coat,Outerwear,95
Male,Coat,Outerwear,76
Male,Coat,Outerwear,95
Male,Coat,Outerwear,48
Male,Coat,Outerwear,86
Male,Coat,Outerwear,70
Male,Coat,Outerwear,68
Male,Coat,Outerwear,85
Male,Coat,Outerwear,33
Male,Coat,Outerwear,85
Male,Coat,Outerwear,42
Male,Coat,Outerwear,50
Male,Coat,Outerwear,36
Male,Coat,Outerwear,27
Male,Coat,Outerwear,93
Male,Coat,Outerwear,31
Male,Coat,Outerwear,64
Male,Coat,Outerwear,28
Male,Coat,Outerwear,42
Male,Coat,Outerwear,69
Male,Coat,Outerwear,37
Male,Coat,Outerwear,37
Male,Coat,Outerwear,48
Male,Coat,Outerwear,32
Male,Coat,Outerwear,78
Male,Coat,Outerwear,90
Male,Coat,Outerwear,35
Male,Coat,Outerwear,51
Male,Coat,Outerwear,79
Male,Coat,Outerwear,28
Male,Coat,Outerwear,24
Male,Coat,Outerwear,77
Male,Coat,Outerwear,82
Male,Coat,Outerwear,29
Male,Coat,Outerwear,84
Male,Coat,Outerwear,24
Male,Coat,Outerwear,36
Male,Coat,Outerwear,24
Male,Coat,Outerwear,31
Male,Coat,Outerwear,62
Male,Coat,Outerwear,51
Male,Coat,Outerwear,89
Male,Coat,Outerwear,62
Male,Coat,Outerwear,96
Male,Coat,Outerwear,72
Male,Coat,Outerwear,33
Male,Coat,Outerwear,34
Male,Coat,Outerwear,46
Male,Coat,Outerwear,53
Male,Coat,Outerwear,68
Male,Coat,Outerwear,56
Male,Coat,Outerwear,22
Male,Coat,Outerwear,37
Male,Coat,Outerwear,48
Male,Coat,Outerwear,32
Male,Coat,Outerwear,40
Male,Coat,Outerwear,52
Male,Coat,Outerwear,31
Male,Coat,Outerwear,46
Male,Coat,Outerwear,43
Male,Coat,Outerwear,40
Male,Coat,Outerwear,38
Male,Coat,Outerwear,100
Male,Coat,Outerwear,100
Male,Coat,Outerwear,21
Male,Coat,Outerwear,23
Male,Coat,Outerwear,70
Male,Coat,Outerwear,90
Male,Coat,Outerwear,80
Male,Coat,Outerwear,56
Male,Coat,Outerwear,57
Male,Coat,Outerwear,30
Male,Coat,Outerwear,28
Male,Coat,Outerwear,23
Male,Coat,Outerwear,92
Male,Coat,Outerwear,58
Male,Coat,Outerwear,80
Male,Coat,Outerwear,48
Male,Coat,Outerwear,63
Male,Coat,Outerwear,78
Male,Coat,Outerwear,71
Male,Coat,Outerwear,87
Male,Coat,Outerwear,47
Male,Coat,Outerwear,42
Male,Coat,Outerwear,37
Male,Coat,Outerwear,54
Male,Coat,Outerwear,39
Male,Coat,Outerwear,94
Male,Coat,Outerwear,96
Male,Coat,Outerwear,30
Male,Coat,Outerwear,57
Male,Coat,Outerwear,88
Male,Coat,Outerwear,84
Male,Coat,Outerwear,28
Male,Coat,Outerwear,37
Male,Coat,Outerwear,87
Male,Coat,Outerwear,34
Male,Coat,Outerwear,56
Male,Coat,Outerwear,34
Male,Coat,Outerwear,39
Male,Coat,Outerwear,59
Male,Coat,Outerwear,80
Male,Coat,Outerwear,49
Male,Coat,Outerwear,28
Male,Coat,Outerwear,44
Female,Coat,Outerwear,70
Female,Coat,Outerwear,75
Female,Coat,Outerwear,20
Female,Coat,Outerwear,57
Female,Coat,Outerwear,100
Female,Coat,Outerwear,100
Female,Coat,Outerwear,25
Female,Coat,Outerwear,54
Female,Coat,Outerwear,75
Female,Coat,Outerwear,27
Female,Coat,Outerwear,83
Female,Coat,Outerwear,48
Female,Coat,Outerwear,25
Female,Coat,Outerwear,97
Female,Coat,Outerwear,29
Female,Coat,Outerwear,27
Female,Coat,Outerwear,76
Female,Coat,Outerwear,80
Female,Coat,Outerwear,66
Female,Coat,Outerwear,26
Female,Coat,Outerwear,44
Female,Coat,Outerwear,29
Female,Coat,Outerwear,90
Female,Coat,Outerwear,40
Female,Coat,Outerwear,90
Female,Coat,Outerwear,20
Female,Coat,Outerwear,74
Female,Coat,Outerwear,82
Female,Coat,Outerwear,91
Female,Coat,Outerwear,100
Female,Coat,Outerwear,43
Female,Coat,Outerwear,35
Female,Coat,Outerwear,91
Female,Coat,Outerwear,28
Female,Coat,Outerwear,59
Female,Coat,Outerwear,69
Female,Coat,Outerwear,28
Female,Coat,Outerwear,95
Female,Coat,Outerwear,44
Female,Coat,Outerwear,20
Female,Coat,Outerwear,91
Female,Coat,Outerwear,34
Female,Coat,Outerwear,60
Female,Coat,Outerwear,99
Female,Coat,Outerwear,81
Female,Coat,Outerwear,86
Female,Coat,Outerwear,64
Male,Dress,Clothing,51
Male,Dress,Clothing,38
Male,Dress,Clothing,48
Male,Dress,Clothing,79
Male,Dress,Clothing,37
Male,Dress,Clothing,48
Male,Dress,Clothing,26
Male,Dress,Clothing,53
Male,Dress,Clothing,40
Male,Dress,Clothing,67
Male,Dress,Clothing,98
Male,Dress,Clothing,61
Male,Dress,Clothing,90
Male,Dress,Clothing,26
Male,Dress,Clothing,84
Male,Dress,Clothing,22
Male,Dress,Clothing,77
Male,Dress,Clothing,40
Male,Dress,Clothing,62
Male,Dress,Clothing,88
Male,Dress,Clothing,20
Male,Dress,Clothing,63
Male,Dress,Clothing,63
Male,Dress,Clothing,37
Male,Dress,Clothing,66
Male,Dress,Clothing,24
Male,Dress,Clothing,83
Male,Dress,Clothing,21
Male,Dress,Clothing,87
Male,Dress,Clothing,36
Male,Dress,Clothing,58
Male,Dress,Clothing,49
Male,Dress,Clothing,94
Male,Dress,Clothing,30
Male,Dress,Clothing,94
Male,Dress,Clothing,60
Male,Dress,Clothing,83
Male,Dress,Clothing,99
Male,Dress,Clothing,68
Male,Dress,Clothing,67
Male,Dress,Clothing,22
Male,Dress,Clothing,37
Male,Dress,Clothing,91
Male,Dress,Clothing,51
Male,Dress,Clothing,75
Male,Dress,Clothing,55
Male,Dress,Clothing,60
Male,Dress,Clothing,70
Male,Dress,Clothing,43
Male,Dress,Clothing,82
Male,Dress,Clothing,96
Male,Dress,Clothing,48
Male,Dress,Clothing,83
Male,Dress,Clothing,22
Male,Dress,Clothing,92
Male,Dress,Clothing,31
Male,Dress,Clothing,67
Male,Dress,Clothing,93
Male,Dress,Clothing,38
Male,Dress,Clothing,21
Male,Dress,Clothing,32
Male,Dress,Clothing,23
Male,Dress,Clothing,45
Male,Dress,Clothing,100
Male,Dress,Clothing,27
Male,Dress,Clothing,44
Male,Dress,Clothing,86
Male,Dress,Clothing,54
Male,Dress,Clothing,91
Male,Dress,Clothing,65
Male,Dress,Clothing,32
Male,Dress,Clothing,75
Male,Dress,Clothing,95
Male,Dress,Clothing,64
Male,Dress,Clothing,21
Male,Dress,Clothing,52
Male,Dress,Clothing,69
Male,Dress,Clothing,34
Male,Dress,Clothing,93
Male,Dress,Clothing,94
Male,Dress,Clothing,56
Male,Dress,Clothing,82
Male,Dress,Clothing,20
Male,Dress,Clothing,80
Male,Dress,Clothing,81
Male,Dress,Clothing,32
Male,Dress,Clothing,42
Male,Dress,Clothing,89
Male,Dress,Clothing,91
Male,Dress,Clothing,52
Male,Dress,Clothing,40
Male,Dress,Clothing,28
Male,Dress,Clothing,98
Male,Dress,Clothing,69
Male,Dress,Clothing,50
Male,Dress,Clothing,58
Male,Dress,Clothing,36
Male,Dress,Clothing,79
Male,Dress,Clothing,44
Male,Dress,Clothing,99
Male,Dress,Clothing,27
Male,Dress,Clothing,95
Male,Dress,Clothing,31
Male,Dress,Clothing,68
Male,Dress,Clothing,44
Male,Dress,Clothing,43
Male,Dress,Clothing,98
Male,Dress,Clothing,82
Male,Dress,Clothing,75
Male,Dress,Clothing,81
Male,Dress,Clothing,98
Male,Dress,Clothing,33
Male,Dress,Clothing,58
Male,Dress,Clothing,59
Female,Dress,Clothing,81
Female,Dress,Clothing,45
Female,Dress,Clothing,75
Female,Dress,Clothing,54
Female,Dress,Clothing,94
Female,Dress,Clothing,81
Female,Dress,Clothing,52
Female,Dress,Clothing,91
Female,Dress,Clothing,95
Female,Dress,Clothing,63
Female,Dress,Clothing,33
Female,Dress,Clothing,93
Female,Dress,Clothing,86
Female,Dress,Clothing,39
Female,Dress,Clothing,82
Female,Dress,Clothing,88
Female,Dress,Clothing,45
Female,Dress,Clothing,71
Female,Dress,Clothing,99
Female,Dress,Clothing,100
Female,Dress,Clothing,82
Female,Dress,Clothing,64
Female,Dress,Clothing,81
Female,Dress,Clothing,77
Female,Dress,Clothing,32
Female,Dress,Clothing,78
Female,Dress,Clothing,97
Female,Dress,Clothing,70
Female,Dress,Clothing,66
Female,Dress,Clothing,52
Female,Dress,Clothing,90
Female,Dress,Clothing,43
Female,Dress,Clothing,46
Female,Dress,Clothing,24
Female,Dress,Clothing,40
Female,Dress,Clothing,75
Female,Dress,Clothing,26
Female,Dress,Clothing,80
Female,Dress,Clothing,55
Female,Dress,Clothing,97
Female,Dress,Clothing,95
Female,Dress,Clothing,87
Female,Dress,Clothing,81
Female,Dress,Clothing,31
Female,Dress,Clothing,41
Female,Dress,Clothing,71
Female,Dress,Clothing,100
Female,Dress,Clothing,95
Female,Dress,Clothing,25
Female,Dress,Clothing,29
Female,Dress,Clothing,65
Female,Dress,Clothing,30
Male,Skirt,Clothing,81
Male,Skirt,Clothing,59
Male,Skirt,Clothing,24
Male,Skirt,Clothing,91
Male,Skirt,Clothing,76
Male,Skirt,Clothing,94
Male,Skirt,Clothing,29
Male,Skirt,Clothing,29
Male,Skirt,Clothing,30
Male,Skirt,Clothing,67
Male,Skirt,Clothing,43
Male,Skirt,Clothing,29
Male,Skirt,Clothing,38
Male,Skirt,Clothing,92
Male,Skirt,Clothing,34
Male,Skirt,Clothing,25
Male,Skirt,Clothing,30
Male,Skirt,Clothing,94
Male,Skirt,Clothing,45
Male,Skirt,Clothing,20
Male,Skirt,Clothing,95
Male,Skirt,Clothing,71
Male,Skirt,Clothing,90
Male,Skirt,Clothing,92
Male,Skirt,Clothing,88
Male,Skirt,Clothing,62
Male,Skirt,Clothing,98
Male,Skirt,Clothing,33
Male,Skirt,Clothing,52
Male,Skirt,Clothing,88
Male,Skirt,Clothing,25
Male,Skirt,Clothing,39
Male,Skirt,Clothing,100
Male,Skirt,Clothing,76
Male,Skirt,Clothing,91
Male,Skirt,Clothing,26
Male,Skirt,Clothing,24
Male,Skirt,Clothing,99
Male,Skirt,Clothing,90
Male,Skirt,Clothing,81
Male,Skirt,Clothing,96
Male,Skirt,Clothing,25
Male,Skirt,Clothing,90
Male,Skirt,Clothing,62
Male,Skirt,Clothing,21
Male,Skirt,Clothing,23
Male,Skirt,Clothing,64
Male,Skirt,Clothing,35
Male,Skirt,Clothing,43
Male,Skirt,Clothing,24
Male,Skirt,Clothing,38
Male,Skirt,Clothing,33
Male,Skirt,Clothing,44
Male,Skirt,Clothing,63
Male,Skirt,Clothing,92
Male,Skirt,Clothing,25
Male,Skirt,Clothing,100
Male,Skirt,Clothing,68
Male,Skirt,Clothing,45
Male,Skirt,Clothing,36
Male,Skirt,Clothing,64
Male,Skirt,Clothing,70
Male,Skirt,Clothing,83
Male,Skirt,Clothing,72
Male,Skirt,Clothing,27
Male,Skirt,Clothing,93
Male,Skirt,Clothing,27
Male,Skirt,Clothing,44
Male,Skirt,Clothing,35
Male,Skirt,Clothing,35
Male,Skirt,Clothing,40
Male,Skirt,Clothing,80
Male,Skirt,Clothing,52
Male,Skirt,Clothing,36
Male,Skirt,Clothing,57
Male,Skirt,Clothing,74
Male,Skirt,Clothing,48
Male,Skirt,Clothing,71
Male,Skirt,Clothing,33
Male,Skirt,Clothing,33
Male,Skirt,Clothing,20
Male,Skirt,Clothing,58
Male,Skirt,Clothing,48
Male,Skirt,Clothing,26
Male,Skirt,Clothing,60
Male,Skirt,Clothing,57
Male,Skirt,Clothing,87
Male,Skirt,Clothing,73
Male,Skirt,Clothing,43
Male,Skirt,Clothing,83
Male,Skirt,Clothing,48
Male,Skirt,Clothing,89
Male,Skirt,Clothing,66
Male,Skirt,Clothing,32
Male,Skirt,Clothing,38
Male,Skirt,Clothing,96
Male,Skirt,Clothing,63
Male,Skirt,Clothing,94
Male,Skirt,Clothing,89
Male,Skirt,Clothing,35
Male,Skirt,Clothing,21
Male,Skirt,Clothing,96
Male,Skirt,Clothing,47
Male,Skirt,Clothing,98
Male,Skirt,Clothing,81
Male,Skirt,Clothing,51
Male,Skirt,Clothing,82
Male,Skirt,Clothing,44
Male,Skirt,Clothing,75
Female,Skirt,Clothing,98
Female,Skirt,Clothing,28
Female,Skirt,Clothing,29
Female,Skirt,Clothing,82
Female,Skirt,Clothing,38
Female,Skirt,Clothing,70
Female,Skirt,Clothing,62
Female,Skirt,Clothing,28
Female,Skirt,Clothing,37
Female,Skirt,Clothing,90
Female,Skirt,Clothing,97
Female,Skirt,Clothing,61
Female,Skirt,Clothing,34
Female,Skirt,Clothing,86
Female,Skirt,Clothing,100
Female,Skirt,Clothing,36
Female,Skirt,Clothing,79
Female,Skirt,Clothing,55
Female,Skirt,Clothing,48
Female,Skirt,Clothing,33
Female,Skirt,Clothing,32
Female,Skirt,Clothing,46
Female,Skirt,Clothing,71
Female,Skirt,Clothing,78
Female,Skirt,Clothing,34
Female,Skirt,Clothing,86
Female,Skirt,Clothing,63
Female,Skirt,Clothing,94
Female,Skirt,Clothing,45
Female,Skirt,Clothing,58
Female,Skirt,Clothing,96
Female,Skirt,Clothing,78
Female,Skirt,Clothing,69
Female,Skirt,Clothing,27
Female,Skirt,Clothing,36
Female,Skirt,Clothing,67
Female,Skirt,Clothing,57
Female,Skirt,Clothing,86
Female,Skirt,Clothing,33
Female,Skirt,Clothing,54
Female,Skirt,Clothing,65
Female,Skirt,Clothing,93
Female,Skirt,Clothing,69
Female,Skirt,Clothing,44
Female,Skirt,Clothing,79
Female,Skirt,Clothing,75
Female,Skirt,Clothing,84
Female,Skirt,Clothing,63
Female,Skirt,Clothing,78
Male,Jacket,Outerwear,22
Male,Jacket,Outerwear,67
Male,Jacket,Outerwear,28
Male,Jacket,Outerwear,96
Male,Jacket,Outerwear,83
Male,Jacket,Outerwear,87
Male,Jacket,Outerwear,35
Male,Jacket,Outerwear,58
Male,Jacket,Outerwear,30
Male,Jacket,Outerwear,25
Male,Jacket,Outerwear,22
Male,Jacket,Outerwear,50
Male,Jacket,Outerwear,22
Male,Jacket,Outerwear,49
Male,Jacket,Outerwear,74
Male,Jacket,Outerwear,50
Male,Jacket,Outerwear,97
Male,Jacket,Outerwear,81
Male,Jacket,Outerwear,68
Male,Jacket,Outerwear,84
Male,Jacket,Outerwear,27
Male,Jacket,Outerwear,50
Male,Jacket,Outerwear,65
Male,Jacket,Outerwear,76
Male,Jacket,Outerwear,77
Male,Jacket,Outerwear,94
Male,Jacket,Outerwear,80
Male,Jacket,Outerwear,89
Male,Jacket,Outerwear,30
Male,Jacket,Outerwear,29
Male,Jacket,Outerwear,79
Male,Jacket,Outerwear,70
Male,Jacket,Outerwear,80
Male,Jacket,Outerwear,26
Male,Jacket,Outerwear,20
Male,Jacket,Outerwear,65
Male,Jacket,Outerwear,45
Male,Jacket,Outerwear,75
Male,Jacket,Outerwear,99
Male,Jacket,Outerwear,53
Male,Jacket,Outerwear,27
Male,Jacket,Outerwear,23
Male,Jacket,Outerwear,34
Male,Jacket,Outerwear,28
Male,Jacket,Outerwear,55
Male,Jacket,Outerwear,81
Male,Jacket,Outerwear,55
Male,Jacket,Outerwear,88
Male,Jacket,Outerwear,24
Male,Jacket,Outerwear,61
Male,Jacket,Outerwear,49
Male,Jacket,Outerwear,55
Male,Jacket,Outerwear,56
Male,Jacket,Outerwear,23
Male,Jacket,Outerwear,34
Male,Jacket,Outerwear,25
Male,Jacket,Outerwear,38
Male,Jacket,Outerwear,33
Male,Jacket,Outerwear,30
Male,Jacket,Outerwear,80
Male,Jacket,Outerwear,22
Male,Jacket,Outerwear,46
Male,Jacket,Outerwear,80
Male,Jacket,Outerwear,51
Male,Jacket,Outerwear,41
Male,Jacket,Outerwear,88
Male,Jacket,Outerwear,22
Male,Jacket,Outerwear,47
Male,Jacket,Outerwear,64
Male,Jacket,Outerwear,34
Male,Jacket,Outerwear,71
Male,Jacket,Outerwear,76
Male,Jacket,Outerwear,30
Male,Jacket,Outerwear,63
Male,Jacket,Outerwear,43
Male,Jacket,Outerwear,95
Male,Jacket,Outerwear,77
Male,Jacket,Outerwear,32
Male,Jacket,Outerwear,100
Male,Jacket,Outerwear,57
Male,Jacket,Outerwear,23
Male,Jacket,Outerwear,36
Male,Jacket,Outerwear,88
Male,Jacket,Outerwear,49
Male,Jacket,Outerwear,77
Male,Jacket,Outerwear,96
Male,Jacket,Outerwear,38
Male,Jacket,Outerwear,34
Male,Jacket,Outerwear,31
Male,Jacket,Outerwear,67
Male,Jacket,Outerwear,81
Male,Jacket,Outerwear,51
Male,Jacket,Outerwear,87
Male,Jacket,Outerwear,42
Male,Jacket,Outerwear,26
Male,Jacket,Outerwear,100
Male,Jacket,Outerwear,66
Male,Jacket,Outerwear,84
Male,Jacket,Outerwear,42
Male,Jacket,Outerwear,90
Male,Jacket,Outerwear,56
Male,Jacket,Outerwear,97
Male,Jacket,Outerwear,60
Male,Jacket,Outerwear,61
Male,Jacket,Outerwear,68
Male,Jacket,Outerwear,99
Male,Jacket,Outerwear,65
Male,Jacket,Outerwear,46
Male,Jacket,Outerwear,40
Female,Jacket,Outerwear,52
Female,Jacket,Outerwear,81
Female,Jacket,Outerwear,51
Female,Jacket,Outerwear,95
Female,Jacket,Outerwear,98
Female,Jacket,Outerwear,53
Female,Jacket,Outerwear,52
Female,Jacket,Outerwear,24
Female,Jacket,Outerwear,73
Female,Jacket,Outerwear,89
Female,Jacket,Outerwear,43
Female,Jacket,Outerwear,50
Female,Jacket,Outerwear,48
Female,Jacket,Outerwear,59
Female,Jacket,Outerwear,39
Female,Jacket,Outerwear,21
Female,Jacket,Outerwear,44
Female,Jacket,Outerwear,59
Female,Jacket,Outerwear,85
Female,Jacket,Outerwear,92
Female,Jacket,Outerwear,32
Female,Jacket,Outerwear,59
Female,Jacket,Outerwear,92
Female,Jacket,Outerwear,51
Female,Jacket,Outerwear,92
Female,Jacket,Outerwear,24
Female,Jacket,Outerwear,67
Female,Jacket,Outerwear,73
Female,Jacket,Outerwear,39
Female,Jacket,Outerwear,27
Female,Jacket,Outerwear,46
Female,Jacket,Outerwear,23
Female,Jacket,Outerwear,50
Female,Jacket,Outerwear,81
Female,Jacket,Outerwear,81
Female,Jacket,Outerwear,30
Female,Jacket,Outerwear,62
Female,Jacket,Outerwear,20
Female,Jacket,Outerwear,26
Female,Jacket,Outerwear,89
Female,Jacket,Outerwear,86
Female,Jacket,Outerwear,45
Female,Jacket,Outerwear,67
Female,Jacket,Outerwear,68
Female,Jacket,Outerwear,34
Female,Jacket,Outerwear,31
Female,Jacket,Outerwear,45
Female,Jacket,Outerwear,26
Female,Jacket,Outerwear,31
Female,Jacket,Outerwear,93
Female,Jacket,Outerwear,84
Female,Jacket,Outerwear,57
Female,Jacket,Outerwear,21
Female,Jacket,Outerwear,94
Male,Hoodie,Clothing,25
Male,Hoodie,Clothing,30
Male,Hoodie,Clothing,54
Male,Hoodie,Clothing,41
Male,Hoodie,Clothing,40
Male,Hoodie,Clothing,55
Male,Hoodie,Clothing,42
Male,Hoodie,Clothing,53
Male,Hoodie,Clothing,88
Male,Hoodie,Clothing,78
Male,Hoodie,Clothing,79
Male,Hoodie,Clothing,76
Male,Hoodie,Clothing,81
Male,Hoodie,Clothing,88
Male,Hoodie,Clothing,73
Male,Hoodie,Clothing,41
Male,Hoodie,Clothing,74
Male,Hoodie,Clothing,58
Male,Hoodie,Clothing,20
Male,Hoodie,Clothing,83
Male,Hoodie,Clothing,23
Male,Hoodie,Clothing,59
Male,Hoodie,Clothing,42
Male,Hoodie,Clothing,31
Male,Hoodie,Clothing,26
Male,Hoodie,Clothing,91
Male,Hoodie,Clothing,66
Male,Hoodie,Clothing,90
Male,Hoodie,Clothing,32
Male,Hoodie,Clothing,57
Male,Hoodie,Clothing,39
Male,Hoodie,Clothing,28
Male,Hoodie,Clothing,80
Male,Hoodie,Clothing,44
Male,Hoodie,Clothing,73
Male,Hoodie,Clothing,66
Male,Hoodie,Clothing,60
Male,Hoodie,Clothing,25
Male,Hoodie,Clothing,56
Male,Hoodie,Clothing,51
Male,Hoodie,Clothing,26
Male,Hoodie,Clothing,30
Male,Hoodie,Clothing,36
Male,Hoodie,Clothing,29
Male,Hoodie,Clothing,23
Male,Hoodie,Clothing,97
Male,Hoodie,Clothing,61
Male,Hoodie,Clothing,67
Male,Hoodie,Clothing,65
Male,Hoodie,Clothing,98
Male,Hoodie,Clothing,46
Male,Hoodie,Clothing,94
Male,Hoodie,Clothing,51
Male,Hoodie,Clothing,60
Male,Hoodie,Clothing,70
Male,Hoodie,Clothing,98
Male,Hoodie,Clothing,56
Male,Hoodie,Clothing,59
Male,Hoodie,Clothing,60
Male,Hoodie,Clothing,27
Male,Hoodie,Clothing,91
Male,Hoodie,Clothing,68
Male,Hoodie,Clothing,60
Male,Hoodie,Clothing,92
Male,Hoodie,Clothing,57
Male,Hoodie,Clothing,57
Male,Hoodie,Clothing,32
Male,Hoodie,Clothing,22
Male,Hoodie,Clothing,70
Male,Hoodie,Clothing,50
Male,Hoodie,Clothing,70
Male,Hoodie,Clothing,95
Male,Hoodie,Clothing,88
Male,Hoodie,Clothing,48
Male,Hoodie,Clothing,44
Male,Hoodie,Clothing,89
Male,Hoodie,Clothing,90
Male,Hoodie,Clothing,50
Male,Hoodie,Clothing,36
Male,Hoodie,Clothing,45
Male,Hoodie,Clothing,38
Male,Hoodie,Clothing,56
Male,Hoodie,Clothing,98
Male,Hoodie,Clothing,63
Male,Hoodie,Clothing,46
Male,Hoodie,Clothing,31
Male,Hoodie,Clothing,27
Male,Hoodie,Clothing,73
Male,Hoodie,Clothing,28
Male,Hoodie,Clothing,20
Male,Hoodie,Clothing,96
Male,Hoodie,Clothing,73
Male,Hoodie,Clothing,97
Male,Hoodie,Clothing,73
Male,Hoodie,Clothing,32
Male,Hoodie,Clothing,20
Male,Hoodie,Clothing,40
Male,Hoodie,Clothing,93
Male,Hoodie,Clothing,51
Male,Hoodie,Clothing,80
Female,Hoodie,Clothing,21
Female,Hoodie,Clothing,57
Female,Hoodie,Clothing,82
Female,Hoodie,Clothing,25
Female,Hoodie,Clothing,25
Female,Hoodie,Clothing,20
Female,Hoodie,Clothing,76
Female,Hoodie,Clothing,100
Female,Hoodie,Clothing,91
Female,Hoodie,Clothing,53
Female,Hoodie,Clothing,84
Female,Hoodie,Clothing,42
Female,Hoodie,Clothing,86
Female,Hoodie,Clothing,43
Female,Hoodie,Clothing,53
Female,Hoodie,Clothing,26
Female,Hoodie,Clothing,58
Female,Hoodie,Clothing,42
Female,Hoodie,Clothing,50
Female,Hoodie,Clothing,38
Female,Hoodie,Clothing,22
Female,Hoodie,Clothing,68
Female,Hoodie,Clothing,24
Female,Hoodie,Clothing,85
Female,Hoodie,Clothing,80
Female,Hoodie,Clothing,99
Female,Hoodie,Clothing,45
Female,Hoodie,Clothing,41
Female,Hoodie,Clothing,67
Female,Hoodie,Clothing,99
Female,Hoodie,Clothing,24
Female,Hoodie,Clothing,57
Female,Hoodie,Clothing,61
Female,Hoodie,Clothing,53
Female,Hoodie,Clothing,37
Female,Hoodie,Clothing,37
Female,Hoodie,Clothing,28
Female,Hoodie,Clothing,83
Female,Hoodie,Clothing,76
Female,Hoodie,Clothing,86
Female,Hoodie,Clothing,23
Female,Hoodie,Clothing,66
Female,Hoodie,Clothing,96
Female,Hoodie,Clothing,88
Female,Hoodie,Clothing,51
Female,Hoodie,Clothing,88
Female,Hoodie,Clothing,59
Female,Hoodie,Clothing,100
Female,Hoodie,Clothing,68
Female,Hoodie,Clothing,96
Female,Hoodie,Clothing,28
Male,T-shirt,Clothing,91
Male,T-shirt,Clothing,69
Male,T-shirt,Clothing,20
Male,T-shirt,Clothing,47
Male,T-shirt,Clothing,85
Male,T-shirt,Clothing,32
Male,T-shirt,Clothing,55
Male,T-shirt,Clothing,45
Male,T-shirt,Clothing,62
Male,T-shirt,Clothing,33
Male,T-shirt,Clothing,53
Male,T-shirt,Clothing,96
Male,T-shirt,Clothing,29
Male,T-shirt,Clothing,82
Male,T-shirt,Clothing,91
Male,T-shirt,Clothing,93
Male,T-shirt,Clothing,31
Male,T-shirt,Clothing,63
Male,T-shirt,Clothing,80
Male,T-shirt,Clothing,23
Male,T-shirt,Clothing,45
Male,T-shirt,Clothing,94
Male,T-shirt,Clothing,99
Male,T-shirt,Clothing,85
Male,T-shirt,Clothing,79
Male,T-shirt,Clothing,79
Male,T-shirt,Clothing,92
Male,T-shirt,Clothing,95
Male,T-shirt,Clothing,65
Male,T-shirt,Clothing,89
Male,T-shirt,Clothing,99
Male,T-shirt,Clothing,78
Male,T-shirt,Clothing,89
Male,T-shirt,Clothing,90
Male,T-shirt,Clothing,66
Male,T-shirt,Clothing,20
Male,T-shirt,Clothing,36
Male,T-shirt,Clothing,83
Male,T-shirt,Clothing,58
Male,T-shirt,Clothing,81
Male,T-shirt,Clothing,76
Male,T-shirt,Clothing,53
Male,T-shirt,Clothing,64
Male,T-shirt,Clothing,33
Male,T-shirt,Clothing,70
Male,T-shirt,Clothing,99
Male,T-shirt,Clothing,83
Male,T-shirt,Clothing,100
Male,T-shirt,Clothing,79
Male,T-shirt,Clothing,84
Male,T-shirt,Clothing,37
Male,T-shirt,Clothing,64
Male,T-shirt,Clothing,76
Male,T-shirt,Clothing,98
Male,T-shirt,Clothing,75
Male,T-shirt,Clothing,31
Male,T-shirt,Clothing,21
Male,T-shirt,Clothing,41
Male,T-shirt,Clothing,63
Male,T-shirt,Clothing,45
Male,T-shirt,Clothing,59
Male,T-shirt,Clothing,93
Male,T-shirt,Clothing,87
Male,T-shirt,Clothing,96
Male,T-shirt,Clothing,51
Male,T-shirt,Clothing,33
Male,T-shirt,Clothing,62
Male,T-shirt,Clothing,27
Male,T-shirt,Clothing,60
Male,T-shirt,Clothing,36
Male,T-shirt,Clothing,85
Male,T-shirt,Clothing,64
Male,T-shirt,Clothing,44
Male,T-shirt,Clothing,64
Male,T-shirt,Clothing,33
Male,T-shirt,Clothing,71
Male,T-shirt,Clothing,37
Male,T-shirt,Clothing,70
Male,T-shirt,Clothing,51
Male,T-shirt,Clothing,94
Male,T-shirt,Clothing,82
Male,T-shirt,Clothing,28
Male,T-shirt,Clothing,78
Male,T-shirt,Clothing,45
Male,T-shirt,Clothing,88
Male,T-shirt,Clothing,66
Male,T-shirt,Clothing,71
Male,T-shirt,Clothing,34
Male,T-shirt,Clothing,30
Male,T-shirt,Clothing,32
Male,T-shirt,Clothing,38
Male,T-shirt,Clothing,73
Male,T-shirt,Clothing,24
Male,T-shirt,Clothing,76
Male,T-shirt,Clothing,85
Male,T-shirt,Clothing,76
Male,T-shirt,Clothing,88
Male,T-shirt,Clothing,98
Male,T-shirt,Clothing,90
Male,T-shirt,Clothing,62
Male,T-shirt,Clothing,56
Female,T-shirt,Clothing,71
Female,T-shirt,Clothing,68
Female,T-shirt,Clothing,41
Female,T-shirt,Clothing,89
Female,T-shirt,Clothing,44
Female,T-shirt,Clothing,32
Female,T-shirt,Clothing,84
Female,T-shirt,Clothing,47
Female,T-shirt,Clothing,56
Female,T-shirt,Clothing,73
Female,T-shirt,Clothing,50
Female,T-shirt,Clothing,28
Female,T-shirt,Clothing,65
Female,T-shirt,Clothing,59
Female,T-shirt,Clothing,99
Female,T-shirt,Clothing,68
Female,T-shirt,Clothing,64
Female,T-shirt,Clothing,59
Female,T-shirt,Clothing,76
Female,T-shirt,Clothing,34
Female,T-shirt,Clothing,57
Female,T-shirt,Clothing,79
Female,T-shirt,Clothing,35
Female,T-shirt,Clothing,94
Female,T-shirt,Clothing,32
Female,T-shirt,Clothing,23
Female,T-shirt,Clothing,36
Female,T-shirt,Clothing,74
Female,T-shirt,Clothing,59
Female,T-shirt,Clothing,48
Female,T-shirt,Clothing,62
Female,T-shirt,Clothing,38
Female,T-shirt,Clothing,89
Female,T-shirt,Clothing,22
Female,T-shirt,Clothing,20
Female,T-shirt,Clothing,34
Female,T-shirt,Clothing,47
Female,T-shirt,Clothing,82
Female,T-shirt,Clothing,43
Female,T-shirt,Clothing,72
Female,T-shirt,Clothing,85
Female,T-shirt,Clothing,86
Female,T-shirt,Clothing,20
Female,T-shirt,Clothing,77
Female,T-shirt,Clothing,99
Female,T-shirt,Clothing,97