fuel_type,transmission,owner,kilometers_driven,new_price,price
Diesel,Automatic,Second,190494,24.38,11.87
Hybrid,Manual,Second,153464,10.8,24.26
Hybrid,Manual,Fourth & Above,54724,30.57,18.65
Hybrid,Manual,Third,42299,29.99,11.47
CNG,Automatic,Fourth & Above,25641,22.41,2.44
Diesel,Automatic,First,89534,11.81,2.78
Hybrid,Automatic,Second,16305,8.69,17.75
Petrol,Manual,Fourth & Above,28782,29.51,21.27
Diesel,Manual,First,88257,24.2,18.28
Petrol,Automatic,Third,87963,27.2,11.34
Petrol,Manual,Second,131987,16.2,2.72
Hybrid,Manual,Fourth & Above,161638,21.76,24.25
Hybrid,Automatic,Third,134591,28.17,24.69
CNG,Automatic,Fourth & Above,77766,20.49,14.64
CNG,Manual,First,16511,24.24,3.63
CNG,Automatic,Third,124816,29.32,14.44
Diesel,Manual,Fourth & Above,167249,13.81,22.52
CNG,Automatic,Third,14765,9.78,17.64
Petrol,Automatic,First,161426,22.36,18.56
CNG,Automatic,Third,33929,9.68,3.95
Hybrid,Manual,Fourth & Above,169892,28.7,4.45
CNG,Manual,First,121576,27.42,4.93
Diesel,Automatic,Second,170595,31.81,22.8
Diesel,Automatic,Fourth & Above,81088,25.27,14.09
Petrol,Automatic,Fourth & Above,87525,9.81,20.21
Diesel,Manual,First,23780,14.84,4.65
CNG,Automatic,First,16589,29.81,23.34
Hybrid,Automatic,Second,175884,12.51,20.89
Diesel,Automatic,Fourth & Above,103664,26.86,7.17
Petrol,Automatic,First,187011,29.07,22.11
CNG,Manual,Second,192565,16.91,8.06
Petrol,Manual,Second,114188,16.7,6.72
Diesel,Automatic,First,103326,23.06,8.08
Diesel,Manual,Fourth & Above,50953,31.25,22.93
Petrol,Manual,Third,75785,14.05,23.06
CNG,Manual,Third,29309,33.41,9.57
Diesel,Automatic,Second,64195,24.18,18.22
Hybrid,Manual,Third,35901,34.79,17.54
Diesel,Manual,Third,164648,10.42,20.55
CNG,Manual,First,172580,11.42,8.82
Diesel,Automatic,Second,35464,30.32,13.73
Petrol,Automatic,Fourth & Above,26260,31.35,17.36
Diesel,Manual,Second,134997,20.03,2.6
Diesel,Manual,First,45440,27.28,10.66
CNG,Automatic,Third,105082,31.42,18.01
Petrol,Automatic,Fourth & Above,115583,9.16,7.81
CNG,Manual,Second,66683,23.5,24.03
Diesel,Manual,Third,134206,31.04,2.69
Hybrid,Automatic,Second,182502,18.75,24.04
Diesel,Automatic,Fourth & Above,143059,16.16,6.99
CNG,Manual,Second,166177,29.48,3.12
Hybrid,Automatic,Second,88484,17.07,8.73
CNG,Manual,Second,154098,8.09,20.08
CNG,Manual,Third,78309,33.91,19.31
Petrol,Manual,Fourth & Above,55927,23.99,6.8
Hybrid,Automatic,Fourth & Above,198607,30.13,6.53
Diesel,Manual,Third,52946,30.28,16.78
CNG,Manual,Third,136503,9.79,12.54
Diesel,Automatic,Third,197633,12.61,20.22
Petrol,Automatic,First,151449,16.4,2.56
Petrol,Manual,Second,63592,16.66,16.04
Hybrid,Manual,Second,148419,25.79,18.81
Petrol,Automatic,Fourth & Above,43776,24.82,24.85
Petrol,Automatic,Second,144855,21.35,17.61
Diesel,Automatic,First,65798,13.7,7.33
Petrol,Manual,Third,145370,18.31,4.49
Petrol,Manual,Fourth & Above,80204,22.68,16.74
CNG,Manual,Fourth & Above,96207,20.64,14.03
Petrol,Automatic,Second,110356,11.44,22.68
CNG,Manual,Fourth & Above,196233,25.54,18.71
Petrol,Automatic,Third,70652,9.97,13.72
Petrol,Manual,Fourth & Above,175556,18.21,11.28
Hybrid,Automatic,Third,139572,27.17,11.3
Hybrid,Manual,First,30922,8.54,7.2
CNG,Manual,First,175100,23.39,2.4
Petrol,Automatic,Third,161388,17.03,15.22
Diesel,Automatic,Second,86996,8.24,6.89
Hybrid,Manual,Fourth & Above,158040,13.14,6.79
Diesel,Automatic,Second,40266,33.41,4.88
Hybrid,Automatic,Fourth & Above,165072,22.07,6.36
Hybrid,Manual,First,155083,34.93,2.73
Petrol,Automatic,First,12866,22.17,17.51
Hybrid,Manual,First,122669,22.69,11.23
Diesel,Manual,Fourth & Above,15898,18.58,14.92
Hybrid,Automatic,First,28395,16.37,16.65
CNG,Automatic,First,180091,14.79,24.37
Petrol,Manual,First,14006,17.27,3.57
Petrol,Manual,First,175465,20.42,11.61
CNG,Manual,Second,20956,13.18,7.66
CNG,Manual,First,191114,14.07,12.96
CNG,Manual,First,147150,15.33,23.17
Hybrid,Manual,Second,170703,20.13,18.65
Petrol,Automatic,Second,105676,25.63,17.22
CNG,Automatic,Fourth & Above,131724,31.12,12.15
Hybrid,Automatic,Third,72901,15.75,17.44
CNG,Manual,First,117227,12.96,2.74
Diesel,Automatic,First,127192,18.23,15.48
Diesel,Manual,First,182646,32.15,14.74
Petrol,Manual,Fourth & Above,41417,8.27,9.97
Hybrid,Automatic,First,98020,26.3,6.63
Diesel,Manual,Third,93639,20.88,20.57
Diesel,Manual,Second,104881,12.35,3.24
Hybrid,Manual,Fourth & Above,180526,16.67,3.6
CNG,Manual,Second,142659,14.07,12.13
Hybrid,Manual,First,131688,31.7,7.81
CNG,Manual,First,125584,21.01,19.15
Diesel,Automatic,First,195782,23.2,16.59
Diesel,Manual,Third,96567,24.03,19.77
Diesel,Manual,Third,85886,25.27,9.47
Petrol,Manual,Fourth & Above,159888,21.38,19.03
Petrol,Manual,Second,39432,8.48,21.83
Petrol,Automatic,First,189689,17.04,9.94
Hybrid,Automatic,First,82373,12.96,9.82
Diesel,Manual,First,175289,26.36,22.7
Diesel,Manual,First,30884,9.53,3.15
Hybrid,Manual,Third,15454,23.22,10.05
Petrol,Automatic,Second,84960,13.69,4.73
Hybrid,Automatic,Second,112421,33.62,2.67
Petrol,Automatic,Fourth & Above,53618,17.06,4.6
Diesel,Automatic,Third,57111,16.78,11.92
CNG,Manual,First,180685,32.93,17.8
Petrol,Automatic,Second,130592,19.27,8.65
Diesel,Automatic,Second,69993,34.0,21.54
Diesel,Manual,Third,138652,8.65,12.07
CNG,Manual,Fourth & Above,149920,16.27,24.27
Diesel,Automatic,Fourth & Above,88672,25.99,23.95
Diesel,Automatic,First,76125,32.05,19.79
Petrol,Automatic,Fourth & Above,127509,14.92,23.45
Petrol,Automatic,Second,71602,33.12,18.26
CNG,Manual,Fourth & Above,52222,24.04,22.6
CNG,Manual,First,59223,29.63,7.44
Diesel,Automatic,Second,75333,18.72,9.94
Petrol,Automatic,Fourth & Above,193804,13.73,19.32
CNG,Automatic,Fourth & Above,132650,32.6,11.76
CNG,Automatic,Third,59420,33.19,21.26
Hybrid,Automatic,First,85504,21.43,22.19
CNG,Manual,Fourth & Above,12462,8.18,8.89
Diesel,Manual,Third,19460,10.96,20.94
Petrol,Manual,Second,109319,23.47,5.55
CNG,Automatic,Third,150347,8.64,9.69
Hybrid,Automatic,Third,154341,18.72,13.91
Petrol,Manual,Fourth & Above,139593,16.19,7.21
CNG,Manual,Fourth & Above,132672,27.29,15.32
Hybrid,Automatic,Fourth & Above,82920,9.5,15.31
CNG,Manual,Third,32553,21.2,6.76
Petrol,Automatic,Second,165438,23.64,20.3
Petrol,Automatic,First,54036,24.67,16.53
Petrol,Manual,Third,158441,18.94,9.31
Diesel,Manual,Fourth & Above,152867,16.22,7.34
CNG,Manual,First,80021,26.43,22.21
Diesel,Automatic,Second,117205,30.88,21.22
Petrol,Automatic,First,171215,26.73,7.28
Hybrid,Manual,Fourth & Above,170497,33.17,2.82
CNG,Automatic,Third,98209,27.37,20.5
Diesel,Automatic,Third,85139,28.64,16.16
CNG,Automatic,Fourth & Above,15368,12.53,4.32
Hybrid,Manual,Third,145693,19.33,15.51
Diesel,Automatic,Fourth & Above,68829,21.1,12.4
Petrol,Manual,Third,139036,14.92,19.81
Diesel,Manual,Third,24719,22.27,6.81
CNG,Automatic,Third,39227,15.85,12.42
CNG,Manual,Second,119430,26.56,5.59
CNG,Automatic,Second,148638,20.7,24.02
CNG,Manual,Fourth & Above,22306,20.39,19.91
Petrol,Manual,Second,63822,34.56,18.94
Diesel,Automatic,Fourth & Above,34042,18.6,17.87
Petrol,Manual,First,156158,17.78,11.74
Petrol,Manual,First,158459,16.6,23.24
Petrol,Manual,Second,168114,32.16,3.68
CNG,Automatic,First,99424,21.41,20.47
CNG,Automatic,First,192690,24.2,6.95
CNG,Manual,Third,159395,12.88,9.45
Diesel,Manual,Third,28019,22.61,13.95
Hybrid,Manual,Fourth & Above,85426,15.42,20.0
CNG,Automatic,First,50863,27.73,21.29
Diesel,Automatic,Fourth & Above,121023,30.48,15.43
CNG,Manual,Fourth & Above,151355,27.3,11.27
CNG,Automatic,First,159351,27.72,23.77
Petrol,Automatic,Second,56999,21.84,7.67
Petrol,Automatic,First,72780,27.23,20.47
Petrol,Automatic,Third,32908,19.41,16.08
Diesel,Manual,First,136278,25.59,10.67
Hybrid,Automatic,Second,123002,14.99,2.03
Hybrid,Automatic,Fourth & Above,191297,9.88,12.27
Diesel,Manual,Fourth & Above,179024,19.16,8.36
CNG,Manual,Third,110706,20.47,4.4
Diesel,Automatic,Third,178735,14.92,3.73
CNG,Automatic,Third,132019,27.65,9.99
Diesel,Manual,Fourth & Above,119708,9.99,16.14
Diesel,Manual,Third,189001,14.01,21.26
Diesel,Manual,First,19343,28.21,6.22
Hybrid,Automatic,Fourth & Above,86173,19.8,11.77
Petrol,Automatic,Second,110260,27.04,11.01
Diesel,Manual,Fourth & Above,180863,23.32,13.81
Hybrid,Automatic,First,170206,33.67,20.62
Petrol,Manual,First,188173,24.14,14.73
Petrol,Automatic,Third,79443,8.4,21.47
Diesel,Manual,Fourth & Above,67530,17.53,13.93
CNG,Manual,Fourth & Above,187871,11.86,15.89
CNG,Automatic,Fourth & Above,145899,32.97,12.06
CNG,Automatic,Second,106143,10.81,20.93
Diesel,Automatic,Third,154771,18.47,23.25
CNG,Automatic,First,124527,14.1,16.7
Hybrid,Automatic,First,146385,30.86,20.88
Hybrid,Automatic,Third,154670,16.33,3.36
Hybrid,Manual,First,121362,34.78,22.84
Hybrid,Automatic,First,38807,9.04,6.35
Petrol,Manual,Third,186298,11.46,7.9
Hybrid,Manual,First,69550,14.07,3.23
CNG,Automatic,Fourth & Above,13558,29.9,24.2
Diesel,Manual,Second,60113,31.72,21.6
CNG,Manual,Third,62999,9.93,23.0
Hybrid,Automatic,Second,196950,8.88,21.49
Petrol,Automatic,First,177415,28.1,13.03
Hybrid,Automatic,First,68219,11.6,23.25
Diesel,Manual,Fourth & Above,176258,11.59,24.3
CNG,Automatic,Third,178038,8.6,13.56
Diesel,Automatic,First,174841,9.34,6.04
Diesel,Automatic,Third,63218,15.12,17.15
Diesel,Automatic,Third,29229,9.76,24.44
CNG,Manual,Third,85209,17.96,22.06
Hybrid,Automatic,Third,37877,30.48,21.82
Diesel,Manual,Third,199073,16.81,23.48
CNG,Automatic,Second,107137,27.65,22.56
Petrol,Manual,Fourth & Above,48084,10.54,19.85
CNG,Manual,Third,91780,25.8,18.52
Petrol,Manual,Second,157878,16.55,8.09
CNG,Automatic,First,47034,28.24,16.29
Hybrid,Manual,Third,181389,11.68,13.99
Diesel,Automatic,First,65468,32.24,21.82
Hybrid,Automatic,Third,160166,14.55,13.31
CNG,Automatic,Second,198868,17.53,4.94
Diesel,Automatic,Second,20589,33.65,2.11
Petrol,Automatic,Second,67221,23.62,17.59
CNG,Manual,Fourth & Above,11657,17.88,14.65
Diesel,Automatic,First,108300,33.64,9.61
Petrol,Manual,Fourth & Above,127229,16.89,5.89
Petrol,Manual,Third,49531,10.56,12.73
Hybrid,Manual,First,62227,34.91,4.31
CNG,Manual,Second,13164,15.23,9.73
Petrol,Manual,First,103078,30.98,10.72
Diesel,Manual,Second,51247,12.47,12.71
Petrol,Manual,Fourth & Above,160673,27.75,12.73
Petrol,Automatic,Fourth & Above,60599,22.16,7.91
Hybrid,Manual,Second,145624,34.48,21.55
Hybrid,Automatic,Second,150489,22.93,10.18
Diesel,Manual,Third,199651,8.68,7.28
Hybrid,Manual,Fourth & Above,78207,24.3,6.04
Petrol,Manual,Fourth & Above,82055,11.92,9.42
Petrol,Manual,Third,112266,29.56,3.55
Hybrid,Automatic,Fourth & Above,88270,31.13,2.76
Petrol,Automatic,Second,121426,21.02,15.92
Petrol,Automatic,First,144794,29.15,16.24
Diesel,Manual,First,80442,11.92,14.18
Hybrid,Manual,Fourth & Above,105632,21.29,19.53
Petrol,Manual,Third,181103,18.64,2.9
Hybrid,Automatic,Second,31438,24.51,23.53
Diesel,Manual,First,68819,9.2,4.19
Hybrid,Automatic,Second,53856,28.31,17.5
Petrol,Automatic,Fourth & Above,174648,10.14,5.07
Hybrid,Manual,Fourth & Above,51938,25.72,22.24
Petrol,Manual,First,190100,8.5,13.75
Petrol,Automatic,Fourth & Above,69807,30.46,3.89
Petrol,Automatic,Third,59877,12.72,16.18
Diesel,Automatic,Fourth & Above,53461,21.92,2.21
Hybrid,Manual,Fourth & Above,103474,15.06,19.85
Diesel,Manual,Fourth & Above,181541,27.51,16.96
Hybrid,Manual,Second,93136,16.68,6.89
Diesel,Manual,Second,30435,27.56,10.62
CNG,Manual,First,155263,15.69,2.18
Petrol,Manual,First,94726,28.32,17.95
Petrol,Automatic,First,168458,8.83,9.42
Diesel,Automatic,Fourth & Above,172793,15.65,15.15
CNG,Automatic,Second,64786,21.46,24.0
Petrol,Manual,Third,23704,9.22,8.89
Hybrid,Automatic,Fourth & Above,66635,13.02,24.78
Diesel,Manual,Fourth & Above,143195,33.23,16.55
Petrol,Manual,Fourth & Above,100710,34.37,7.57
Petrol,Automatic,Third,72993,27.97,12.05
Diesel,Manual,First,122752,14.81,19.03
Diesel,Automatic,Third,166488,15.03,12.27
Hybrid,Automatic,First,142886,25.44,3.58
Hybrid,Manual,Third,88537,11.18,5.88
Petrol,Automatic,Second,60258,33.6,20.2
Petrol,Automatic,Fourth & Above,157580,14.07,16.91
Diesel,Automatic,Fourth & Above,95166,34.99,15.11
Petrol,Automatic,Fourth & Above,123710,21.38,5.86
Petrol,Manual,First,45699,28.83,21.27
Diesel,Automatic,Third,56335,8.06,24.1
Petrol,Automatic,Second,56806,32.0,2.94
Petrol,Automatic,Third,87853,15.29,3.79
CNG,Manual,Fourth & Above,45739,26.03,22.35
Hybrid,Automatic,Second,44785,29.77,20.76
Diesel,Manual,Second,173052,12.43,16.21
CNG,Automatic,Fourth & Above,95016,19.95,23.73
Hybrid,Automatic,Third,142681,21.33,16.87
Hybrid,Automatic,Fourth & Above,76253,16.43,6.97
Hybrid,Manual,Third,101128,21.01,18.76
CNG,Manual,Second,169213,16.57,16.85
CNG,Manual,Second,171081,17.74,24.67
Hybrid,Manual,Fourth & Above,137581,26.07,6.92
Petrol,Manual,Second,120966,25.08,15.75
Petrol,Manual,First,147854,14.27,19.94
CNG,Automatic,Second,109352,32.23,9.8
CNG,Manual,First,167005,31.3,10.73
CNG,Automatic,Second,87154,21.75,22.42
Hybrid,Manual,Fourth & Above,149379,19.7,11.3
Petrol,Manual,Fourth & Above,118297,18.18,16.37
CNG,Manual,First,48346,27.1,22.45
CNG,Automatic,Fourth & Above,122138,26.13,6.83
Diesel,Manual,Second,60772,13.3,24.58
Hybrid,Manual,Second,50149,26.13,18.14
Diesel,Automatic,Fourth & Above,96700,14.82,13.41
Petrol,Automatic,Second,168598,8.5,11.91
Diesel,Automatic,Third,106758,26.88,23.95
Diesel,Automatic,Third,138447,25.41,6.73
Diesel,Manual,Second,15695,19.09,9.17
Hybrid,Automatic,Fourth & Above,49169,22.19,9.08
Petrol,Manual,First,57947,33.57,8.65
Diesel,Manual,Fourth & Above,188296,24.07,12.78
Hybrid,Automatic,First,55865,25.76,24.75
Petrol,Manual,Fourth & Above,166625,9.73,22.44
CNG,Automatic,Second,114501,12.48,9.54
Diesel,Manual,Third,70410,16.13,11.73
Petrol,Automatic,Fourth & Above,113754,22.56,17.4
Diesel,Automatic,First,100895,28.97,2.39
CNG,Automatic,Third,165888,16.67,20.86
Petrol,Automatic,First,196098,17.62,22.24
Hybrid,Automatic,Second,60705,14.92,21.72
Petrol,Automatic,Third,125700,14.87,10.63
Hybrid,Manual,First,83914,33.62,12.63
Petrol,Manual,Fourth & Above,11881,25.16,2.28
Hybrid,Manual,Second,180639,12.21,11.19
CNG,Automatic,Second,57365,27.5,12.59
CNG,Manual,Second,89211,27.49,22.86
CNG,Automatic,Fourth & Above,166078,25.99,22.56
Petrol,Manual,Fourth & Above,51198,11.64,24.22
CNG,Manual,Third,163903,19.02,22.36
Diesel,Automatic,Fourth & Above,110649,10.88,2.19
CNG,Manual,Third,157531,30.05,16.75
Hybrid,Manual,Second,173515,25.69,3.57
Hybrid,Manual,Third,183388,21.69,8.27
Hybrid,Automatic,First,146949,17.26,15.3
Petrol,Manual,Second,49553,12.97,18.11
Diesel,Automatic,Second,145994,10.87,17.06
CNG,Manual,Third,132778,34.17,3.13
Diesel,Manual,Second,127018,13.39,4.38
Diesel,Manual,Fourth & Above,145758,9.62,4.96
Hybrid,Manual,First,42766,33.97,4.1
Hybrid,Automatic,Third,42006,22.82,6.1
Hybrid,Manual,Third,41422,29.51,17.84
Petrol,Automatic,Second,126590,9.18,21.11
Diesel,Automatic,Fourth & Above,22205,23.31,11.4
Diesel,Manual,Second,164599,18.75,17.93
Petrol,Manual,Second,159515,28.84,6.6
Petrol,Automatic,Third,157596,9.04,24.39
Petrol,Automatic,Second,126477,18.85,10.05
Diesel,Manual,First,38202,29.57,21.45
Diesel,Manual,Second,187214,22.11,23.74
Hybrid,Manual,Second,71692,22.85,21.89
Hybrid,Manual,Third,30855,10.62,3.54
Diesel,Manual,Second,35095,11.57,16.96
Hybrid,Automatic,Fourth & Above,179796,26.28,4.76
Petrol,Manual,Third,59241,26.23,2.13
CNG,Manual,Second,113119,34.44,3.19
Hybrid,Automatic,First,62003,27.22,23.07
Diesel,Manual,First,104837,21.32,22.89
Hybrid,Manual,Third,104283,31.15,7.19
Hybrid,Automatic,Third,157044,10.82,14.58
Hybrid,Manual,Second,133805,20.13,23.97
CNG,Automatic,Fourth & Above,103846,15.75,13.42
Petrol,Manual,Second,32927,10.83,11.05
Diesel,Manual,First,130589,28.61,13.11
CNG,Manual,Fourth & Above,125657,21.79,20.17
Diesel,Automatic,Fourth & Above,76630,23.03,12.98
Diesel,Automatic,Fourth & Above,114428,19.1,20.02
Diesel,Automatic,Second,132035,20.43,11.93
CNG,Automatic,First,193419,11.13,7.8
Petrol,Manual,Third,136244,26.17,9.51
Diesel,Automatic,Second,79518,19.68,3.79
Petrol,Automatic,Third,186355,30.05,13.44
Petrol,Automatic,Fourth & Above,91326,13.3,5.41
Hybrid,Manual,Fourth & Above,153277,13.54,20.67
CNG,Manual,Second,130243,25.44,11.67
CNG,Automatic,First,22748,30.84,19.6
Hybrid,Automatic,Fourth & Above,162169,20.75,23.95
Hybrid,Manual,Third,144164,27.63,21.54
Petrol,Automatic,Third,63311,34.98,23.88
Diesel,Automatic,Second,32692,34.74,15.06
CNG,Automatic,Third,134954,28.1,5.8
Diesel,Automatic,First,164934,27.97,23.51
Diesel,Manual,Fourth & Above,140035,14.69,21.98
Hybrid,Manual,Third,89507,30.51,21.88
Diesel,Manual,Third,90152,18.94,17.95
Petrol,Automatic,Fourth & Above,14926,33.97,16.37
Hybrid,Automatic,Second,13969,10.2,2.34
Diesel,Manual,Third,45733,19.77,19.21
Hybrid,Manual,Second,79855,23.01,4.11
Petrol,Manual,Second,51743,18.94,7.97
Petrol,Automatic,Third,140193,13.69,14.68
Diesel,Manual,First,180948,24.01,12.39
Hybrid,Automatic,Second,117445,28.41,2.36
Diesel,Automatic,Third,30323,25.41,20.95
Diesel,Manual,Second,26428,14.33,22.21
Hybrid,Manual,Fourth & Above,44578,27.75,17.68
Diesel,Automatic,First,96486,14.94,14.44
Petrol,Manual,First,74140,12.73,24.1
Hybrid,Manual,Fourth & Above,117325,26.65,4.76
Hybrid,Automatic,Fourth & Above,93829,30.76,18.97
Hybrid,Automatic,Second,16364,21.0,4.95
Hybrid,Automatic,Fourth & Above,138867,22.35,10.78
Diesel,Automatic,First,176421,16.17,15.47
Diesel,Automatic,Fourth & Above,141763,21.35,18.95
Petrol,Manual,Third,105598,11.56,2.09
CNG,Automatic,Third,186968,33.81,7.99
CNG,Automatic,Second,67062,29.61,14.38
Petrol,Automatic,First,154933,26.04,14.26
CNG,Manual,Third,98302,22.53,16.67
Petrol,Automatic,Fourth & Above,73928,29.39,8.99
Diesel,Automatic,Third,51347,21.36,14.43
Hybrid,Automatic,Third,13121,16.1,6.37
Hybrid,Manual,Second,93793,12.33,6.3
Diesel,Automatic,Fourth & Above,38164,25.48,15.26
Hybrid,Automatic,Fourth & Above,35491,33.09,17.77
Hybrid,Automatic,Fourth & Above,69222,12.15,4.77
CNG,Manual,Second,164237,12.86,4.82
Diesel,Manual,Fourth & Above,13748,19.71,15.0
CNG,Manual,Fourth & Above,36553,29.79,8.21
CNG,Manual,Third,126547,15.94,11.03
Hybrid,Automatic,Third,70380,14.86,11.22
Hybrid,Automatic,Fourth & Above,54331,24.74,6.11
Diesel,Manual,First,130617,22.46,2.03
Hybrid,Manual,First,49560,9.63,21.62
Hybrid,Automatic,Fourth & Above,63865,10.2,18.45
Diesel,Automatic,First,187758,25.36,17.88
Hybrid,Manual,Second,85910,20.56,14.57
CNG,Manual,Third,145747,34.22,18.12
Diesel,Manual,Second,87986,26.32,23.52
Hybrid,Manual,Third,20068,8.27,17.31
Petrol,Automatic,First,64460,20.99,8.1
Diesel,Manual,First,110766,19.19,15.12
Diesel,Manual,Fourth & Above,56418,10.88,12.17
Petrol,Automatic,First,36206,32.93,14.8
Hybrid,Automatic,First,138180,29.74,13.91
Hybrid,Automatic,Fourth & Above,10287,14.21,21.75
Diesel,Automatic,Fourth & Above,32337,14.91,16.99
Diesel,Automatic,Third,161738,8.86,6.34
Hybrid,Manual,First,142233,16.01,3.45
Hybrid,Manual,Third,110667,23.78,11.76
CNG,Manual,Third,100071,19.36,2.36
Diesel,Automatic,Second,108064,34.17,9.32
Diesel,Manual,First,179823,9.51,10.46
Petrol,Automatic,First,116511,23.97,10.64
CNG,Manual,Second,155830,31.17,24.53
Hybrid,Manual,Third,13178,20.98,8.99
CNG,Automatic,First,41831,8.08,8.1
Hybrid,Automatic,Third,143248,14.56,4.98
Hybrid,Manual,Second,113306,16.74,13.75
CNG,Manual,Fourth & Above,174726,34.08,5.53
Diesel,Manual,Third,167699,32.62,16.17
Hybrid,Manual,First,193622,33.63,5.57
CNG,Manual,Fourth & Above,122025,30.3,15.26
Petrol,Automatic,Third,185982,17.49,21.0
CNG,Automatic,Third,100417,32.46,2.98
Petrol,Automatic,Fourth & Above,199323,34.51,11.65
Hybrid,Automatic,Fourth & Above,176494,17.45,12.6
CNG,Manual,Fourth & Above,21984,15.04,20.19
CNG,Manual,First,99312,22.77,12.76
Petrol,Automatic,First,93291,13.05,15.05
CNG,Manual,Third,17135,8.88,20.2
CNG,Automatic,Third,10320,33.54,14.87
Hybrid,Manual,Second,162756,32.99,10.24
CNG,Manual,First,196985,12.39,3.97
Diesel,Manual,Third,98774,19.01,18.79
Petrol,Automatic,Fourth & Above,162961,30.44,22.04
CNG,Automatic,Fourth & Above,108071,25.85,24.31
Petrol,Automatic,First,189971,18.66,23.31
Petrol,Automatic,Fourth & Above,151842,28.09,20.34
Petrol,Manual,Second,180393,32.22,16.8
CNG,Manual,Third,119863,33.01,19.97
CNG,Manual,Third,51777,18.23,11.94
Petrol,Manual,Third,56250,12.69,15.68
Diesel,Automatic,First,83034,32.65,10.02
Petrol,Manual,Fourth & Above,114940,10.5,9.51
Diesel,Manual,Second,50130,27.49,19.4
Petrol,Manual,First,190418,11.79,12.44
Hybrid,Automatic,Third,143609,18.51,6.88
Petrol,Automatic,Second,25216,19.11,6.64
Petrol,Automatic,Third,94149,12.29,21.76
CNG,Manual,Third,13009,32.91,17.59
Diesel,Automatic,First,99904,8.07,14.56
Hybrid,Manual,Third,170399,32.13,11.22
Diesel,Manual,Second,155281,31.86,11.91
Hybrid,Manual,Third,189515,16.56,3.32
Petrol,Automatic,Fourth & Above,25029,27.02,12.46
CNG,Automatic,Third,198069,14.83,20.3
CNG,Manual,First,112171,28.49,10.92
Diesel,Manual,Second,124456,23.15,10.82
CNG,Automatic,First,72559,16.11,2.36
Diesel,Automatic,Fourth & Above,74892,18.81,12.53
Diesel,Automatic,Third,80409,26.63,2.58
Hybrid,Manual,First,149707,32.46,15.12
Diesel,Manual,First,43065,11.53,13.66
Hybrid,Manual,First,130544,23.43,21.32
CNG,Automatic,First,117340,14.85,15.38
Diesel,Automatic,Fourth & Above,43783,29.64,9.44
Diesel,Automatic,Fourth & Above,44152,9.9,13.87
Petrol,Manual,Third,68741,26.6,18.09
Diesel,Manual,Third,117049,12.72,4.16
Diesel,Automatic,Second,192574,24.1,16.28
Petrol,Manual,Fourth & Above,39092,30.56,23.08
Petrol,Automatic,First,158725,28.39,8.88
CNG,Manual,First,181541,28.33,16.41
Diesel,Automatic,Second,96483,21.98,20.89
CNG,Manual,First,131585,32.05,13.77
CNG,Manual,Second,69754,23.88,18.51
Petrol,Automatic,Third,171050,32.77,9.15
Hybrid,Automatic,Fourth & Above,97592,22.76,9.04
CNG,Automatic,Second,104543,21.66,17.35
Hybrid,Automatic,First,53169,14.0,18.22
Diesel,Automatic,Second,189359,22.71,23.55
Petrol,Manual,Third,64745,11.8,7.17
Diesel,Automatic,First,120168,31.48,12.77
Diesel,Automatic,Third,123985,26.25,7.76
Petrol,Automatic,Third,15543,34.83,3.84
Diesel,Manual,Second,197464,10.49,11.27
Petrol,Automatic,Third,31067,14.5,10.6
Hybrid,Automatic,First,61033,31.68,8.22
Diesel,Automatic,Third,55256,18.67,8.83
Petrol,Manual,Third,163263,20.59,10.29
CNG,Manual,Second,96803,31.24,24.74
Diesel,Automatic,Third,128843,22.09,20.01
Hybrid,Manual,Fourth & Above,38992,13.22,3.64
Petrol,Automatic,Second,58803,32.08,22.07
Diesel,Manual,Second,119975,8.84,16.57
Diesel,Automatic,First,154282,32.18,22.48
Diesel,Manual,First,36270,9.36,9.86
Hybrid,Automatic,First,146269,25.98,12.68
Petrol,Automatic,First,17452,9.94,22.61
CNG,Manual,Fourth & Above,51486,27.07,8.27
CNG,Automatic,Second,24859,8.92,23.06
CNG,Automatic,Third,168308,30.75,21.06
Petrol,Automatic,First,172971,20.58,24.55
CNG,Automatic,First,42083,10.52,9.46
Hybrid,Manual,First,77708,27.08,7.42
Petrol,Automatic,Third,121462,21.21,9.61
Diesel,Manual,First,157735,13.16,23.96
Hybrid,Manual,Third,103076,8.42,9.66
Diesel,Manual,Second,29053,19.29,15.0
CNG,Manual,Second,152157,10.31,11.28
Hybrid,Automatic,Second,171636,10.54,11.11
Petrol,Automatic,Fourth & Above,99745,15.22,6.45
Hybrid,Manual,Third,79517,25.02,14.35
Diesel,Automatic,First,162225,22.31,21.54
Petrol,Manual,First,146319,9.86,3.14
Hybrid,Automatic,First,151625,34.15,22.45
Hybrid,Automatic,First,161883,31.95,17.31
Hybrid,Automatic,Fourth & Above,147207,15.0,16.18
Hybrid,Manual,First,146645,11.3,16.4
Petrol,Manual,Fourth & Above,89267,33.44,8.81
Diesel,Automatic,Third,148261,20.45,11.55
Hybrid,Manual,Second,90077,16.4,20.38
Petrol,Manual,First,184718,21.24,9.05
Diesel,Automatic,Second,86623,28.86,12.81
Hybrid,Manual,Third,141004,12.55,2.45
Diesel,Automatic,Third,63687,28.72,18.87
Diesel,Automatic,First,78312,28.24,11.61
Petrol,Automatic,Third,117615,22.56,14.08
Diesel,Manual,Second,140976,31.38,4.64
Petrol,Automatic,First,37564,11.57,24.81
Hybrid,Automatic,Fourth & Above,38835,24.08,8.96
Diesel,Manual,First,17697,20.13,16.6
Diesel,Manual,Second,90165,19.4,15.37
CNG,Manual,First,158118,14.82,20.06
Hybrid,Manual,First,67823,18.05,8.76
Hybrid,Automatic,Second,194442,10.92,19.39
CNG,Manual,First,19615,14.79,10.8
CNG,Manual,First,146132,15.34,11.46
Petrol,Manual,Second,140499,27.46,17.47
Petrol,Manual,Third,86436,9.31,20.04
Diesel,Automatic,Second,130562,25.58,17.34
Diesel,Manual,First,81117,13.98,22.7
Diesel,Automatic,Fourth & Above,44782,10.21,8.56
Diesel,Manual,Fourth & Above,88533,16.12,22.71
Petrol,Automatic,Second,199327,14.06,5.01
Hybrid,Automatic,Fourth & Above,82684,22.9,17.17
Diesel,Manual,First,197990,17.65,14.6
Hybrid,Automatic,First,89558,34.08,13.38
Diesel,Manual,Second,91422,34.02,9.15
CNG,Automatic,First,166328,19.98,13.59
Diesel,Automatic,Third,171077,29.47,5.72
Diesel,Automatic,First,16638,8.36,10.49
Diesel,Manual,Second,47419,22.79,4.27
Petrol,Automatic,Third,43377,28.07,15.15
CNG,Manual,Third,116244,13.86,4.2
Diesel,Automatic,Fourth & Above,184188,9.65,5.69
Diesel,Automatic,First,177706,12.21,3.97
Hybrid,Automatic,Second,33382,19.93,10.77
CNG,Automatic,Fourth & Above,197135,21.67,21.37
Diesel,Automatic,Fourth & Above,163466,18.28,22.86
Hybrid,Automatic,First,77789,19.88,3.65
Hybrid,Manual,First,120634,20.7,16.59
Petrol,Manual,Second,141936,28.77,17.74
Hybrid,Manual,Fourth & Above,109572,10.84,14.28
Diesel,Automatic,Second,181294,28.76,17.34
Petrol,Manual,Fourth & Above,154738,26.59,7.37
Petrol,Automatic,Fourth & Above,133664,28.02,13.26
Diesel,Manual,Fourth & Above,162027,27.83,10.99
CNG,Manual,First,120674,20.71,4.06
Hybrid,Automatic,Fourth & Above,113533,13.71,16.39
Petrol,Automatic,Fourth & Above,91845,22.49,13.39
CNG,Manual,Fourth & Above,79590,33.87,8.33
Diesel,Manual,Third,137775,23.89,12.89
Hybrid,Manual,First,76471,8.3,19.83
Hybrid,Manual,Third,53298,9.61,20.44
Petrol,Automatic,First,58924,34.81,16.94
Hybrid,Manual,Second,157781,9.94,12.76
Hybrid,Automatic,Third,19726,9.24,15.24
Hybrid,Automatic,Second,50542,17.53,10.86
Hybrid,Manual,Fourth & Above,161317,34.17,4.91
Diesel,Automatic,Second,44753,16.6,10.87
CNG,Manual,Second,89788,19.07,14.2
Diesel,Automatic,Second,31316,25.12,15.77
Diesel,Automatic,Second,94698,8.65,23.52
Petrol,Manual,First,25960,32.24,19.88
Hybrid,Automatic,Third,40791,22.02,5.5
Diesel,Automatic,First,35216,20.6,6.01
Hybrid,Manual,First,173539,31.24,4.31
Diesel,Automatic,First,74427,33.73,18.98
Diesel,Automatic,Second,122470,19.43,18.24
Petrol,Manual,First,83290,12.66,24.69
CNG,Manual,Third,57014,30.02,14.01
CNG,Automatic,First,145150,18.89,21.01
Diesel,Automatic,Fourth & Above,60519,33.26,15.26
Petrol,Automatic,Second,14042,33.65,22.1
Hybrid,Manual,Fourth & Above,59052,11.1,18.58
Hybrid,Automatic,Third,24389,33.83,16.79
Diesel,Automatic,Third,105961,17.94,15.0
CNG,Automatic,Third,78111,25.45,18.63
Petrol,Automatic,Third,115058,8.94,11.65
CNG,Automatic,First,103715,32.0,4.22
Hybrid,Automatic,Second,60733,25.32,2.92
CNG,Manual,Third,44754,25.38,13.02
Hybrid,Manual,Fourth & Above,159696,32.36,15.78
Petrol,Automatic,Third,95886,21.73,3.81
Petrol,Automatic,Second,167753,19.08,8.6
Diesel,Manual,Fourth & Above,99524,31.39,9.41
Diesel,Manual,Fourth & Above,91006,28.05,14.94
CNG,Manual,Fourth & Above,34704,33.62,8.41
Petrol,Automatic,First,104913,33.38,4.2
Petrol,Automatic,Third,104108,18.32,5.79
Diesel,Automatic,First,17493,20.07,6.0
Hybrid,Automatic,Fourth & Above,79639,14.91,21.38
CNG,Manual,First,64383,25.84,8.54
CNG,Manual,First,144066,17.84,18.44
Diesel,Manual,First,57234,29.22,15.06
Petrol,Manual,Third,188363,11.28,24.47
Diesel,Automatic,Fourth & Above,138674,11.14,8.27
Diesel,Automatic,Fourth & Above,15594,13.52,5.64
Diesel,Manual,Third,17371,10.28,3.2
Diesel,Manual,First,57315,24.74,7.54
Hybrid,Manual,First,137251,11.98,17.73
Hybrid,Manual,Second,89526,12.32,3.96
Petrol,Manual,Second,157698,8.38,7.63
Diesel,Automatic,Second,96005,29.12,21.67
Hybrid,Automatic,Third,115573,29.93,15.41
Petrol,Manual,Fourth & Above,148202,12.37,3.6
Diesel,Manual,Second,147900,27.97,3.1
CNG,Manual,Fourth & Above,67514,19.71,3.41
Hybrid,Automatic,Fourth & Above,193736,14.47,23.66
Petrol,Automatic,Fourth & Above,158955,24.78,21.55
CNG,Automatic,Third,184131,12.82,21.43
Diesel,Manual,Third,184004,28.44,23.26
Diesel,Automatic,Third,85986,9.29,13.62
Diesel,Manual,Third,95959,33.9,7.69
Hybrid,Automatic,Second,12035,9.94,11.23
Petrol,Automatic,First,119767,23.65,18.53
CNG,Automatic,First,181817,32.36,22.15
Petrol,Manual,First,27241,8.32,12.01
Hybrid,Manual,Second,62975,21.46,14.31
Petrol,Automatic,First,164226,17.45,23.43
Hybrid,Manual,Second,166697,23.67,4.47
Diesel,Manual,Second,186022,14.09,21.83
CNG,Manual,Second,66396,9.75,5.66
Diesel,Manual,First,128920,24.9,13.13
Petrol,Manual,Fourth & Above,154403,19.25,7.02
Diesel,Manual,First,96226,24.81,15.87
CNG,Manual,First,94719,13.68,14.85
Diesel,Automatic,Third,73014,17.15,10.74
CNG,Manual,Second,49346,23.17,21.86
CNG,Manual,Fourth & Above,80411,24.01,17.18
Diesel,Automatic,Third,195550,18.05,18.59
Hybrid,Automatic,Fourth & Above,153326,15.56,5.47
Petrol,Automatic,Fourth & Above,196806,15.39,22.31
Hybrid,Automatic,Second,169693,12.72,5.84
Hybrid,Manual,First,86441,16.79,7.12
Diesel,Automatic,Second,56121,13.38,4.95
Petrol,Automatic,Second,70197,25.11,12.13
Petrol,Manual,Third,94577,23.36,22.42
Hybrid,Manual,Second,104634,18.33,7.81
Diesel,Manual,First,183503,16.8,10.6
Petrol,Automatic,Fourth & Above,110211,14.42,21.46
Hybrid,Manual,Second,145909,22.46,16.21
Petrol,Automatic,Fourth & Above,190066,32.81,19.29
Diesel,Manual,Second,153687,26.51,6.92
Diesel,Manual,Fourth & Above,11466,28.1,18.48
Diesel,Automatic,Second,40771,30.53,7.24
Petrol,Manual,Third,93886,17.49,24.71
CNG,Manual,Fourth & Above,75911,9.7,14.88
Petrol,Manual,Second,161818,24.81,18.0
CNG,Manual,Second,98422,13.09,4.72
Diesel,Manual,Third,83369,23.36,7.77
Hybrid,Automatic,Third,11893,27.97,5.21
CNG,Automatic,Third,40573,29.16,10.97
Diesel,Manual,Fourth & Above,106907,16.15,8.54
Diesel,Automatic,Fourth & Above,181946,21.84,18.86
CNG,Automatic,Third,109956,24.77,4.5
Hybrid,Automatic,First,128580,30.13,19.3
Diesel,Manual,First,174439,28.56,3.05
CNG,Manual,Second,162271,34.68,6.65
Hybrid,Manual,First,101404,8.22,20.22
Hybrid,Automatic,Second,67724,19.81,19.08
Diesel,Automatic,Fourth & Above,96133,14.91,12.96
Petrol,Manual,Fourth & Above,177477,11.24,3.15
Petrol,Manual,First,25989,32.61,16.03
Diesel,Automatic,Fourth & Above,38931,34.94,11.35
Hybrid,Automatic,Third,19290,12.88,9.28
Diesel,Manual,Third,179439,9.04,16.73
CNG,Automatic,First,131136,15.43,12.04
Petrol,Automatic,First,89878,30.54,4.13
CNG,Automatic,Second,100477,15.94,23.07
Diesel,Automatic,Fourth & Above,136299,9.54,19.91
Diesel,Automatic,Second,171205,9.42,3.3
Hybrid,Automatic,Second,115686,19.54,14.08
Hybrid,Automatic,Third,168124,33.16,3.92
Hybrid,Manual,Third,117286,15.72,21.26
CNG,Manual,Third,50475,19.53,16.1
Hybrid,Automatic,Third,92666,10.75,5.97
Diesel,Automatic,Second,106622,21.33,2.48
Hybrid,Automatic,Third,198728,26.81,2.73
Petrol,Manual,Fourth & Above,145705,15.32,13.67
Hybrid,Manual,Third,158376,16.01,18.89
CNG,Automatic,Third,117573,30.73,4.78
Petrol,Manual,Third,56546,8.28,7.09
Petrol,Automatic,First,17008,25.18,9.53
Petrol,Automatic,Fourth & Above,58291,18.63,7.02
CNG,Automatic,Fourth & Above,168477,16.06,11.0
Diesel,Automatic,Second,46386,25.76,14.87
Hybrid,Automatic,Second,100909,30.54,17.75
Petrol,Automatic,Third,161899,23.08,24.17
Petrol,Automatic,First,43040,8.84,23.41
Petrol,Manual,Second,70354,20.46,15.11
Diesel,Automatic,Second,88543,20.49,18.89
Diesel,Manual,Third,28157,22.68,23.87
CNG,Automatic,Third,45315,26.12,3.92
Diesel,Automatic,Second,45932,8.52,2.13
Hybrid,Manual,Second,162236,21.55,2.69
CNG,Manual,Fourth & Above,155486,23.88,14.96
CNG,Automatic,First,155399,17.27,19.55
Hybrid,Manual,Fourth & Above,123880,26.05,10.44
Hybrid,Automatic,Second,142018,14.16,14.54
Hybrid,Automatic,Fourth & Above,24693,16.57,13.88
CNG,Manual,Fourth & Above,37241,33.99,4.18
CNG,Manual,Second,125194,17.4,9.4
CNG,Manual,Third,105790,17.36,2.45
Hybrid,Manual,Second,156612,24.08,4.55
Hybrid,Automatic,Third,82255,34.22,20.67
Petrol,Manual,Second,182275,34.54,21.08
Diesel,Manual,Second,166153,23.65,20.44
Petrol,Manual,Second,21350,8.03,18.72
Hybrid,Manual,First,196584,32.32,20.25
CNG,Manual,Third,66809,23.4,17.43
Hybrid,Automatic,First,111894,17.88,17.41
Diesel,Automatic,Second,107557,30.39,17.35
Petrol,Manual,Fourth & Above,183904,18.8,13.82
Petrol,Manual,First,169441,8.92,10.36
CNG,Automatic,Third,41728,30.17,18.79
Petrol,Manual,Second,27576,22.74,8.87
Petrol,Automatic,First,170073,17.13,14.49
Hybrid,Automatic,Fourth & Above,93384,14.77,11.97
Petrol,Manual,First,10390,24.03,8.36
Petrol,Automatic,Third,55436,13.62,24.42
Petrol,Manual,First,21569,16.74,7.95
CNG,Manual,Fourth & Above,154101,25.19,9.11
CNG,Automatic,Fourth & Above,32490,31.8,5.72
Hybrid,Automatic,Third,55875,22.39,20.93
Petrol,Manual,Fourth & Above,15867,28.5,15.49
CNG,Automatic,Second,90820,28.6,16.1
CNG,Manual,Fourth & Above,109515,25.94,20.87
Hybrid,Automatic,Second,19121,14.64,9.89
Diesel,Automatic,First,11539,31.4,6.45
Petrol,Manual,Second,158099,19.78,6.56
CNG,Manual,Second,137402,9.19,18.85
Hybrid,Manual,First,84229,14.6,16.12
Hybrid,Automatic,Fourth & Above,149993,28.67,6.75
Hybrid,Manual,Second,60435,9.87,5.34
CNG,Manual,Fourth & Above,151382,11.98,4.78
Petrol,Automatic,First,73965,26.74,16.44
Diesel,Automatic,Third,121048,32.1,2.0
Petrol,Manual,Fourth & Above,106444,25.11,2.42
Hybrid,Manual,Fourth & Above,79922,14.0,10.96
Hybrid,Manual,Third,107799,9.44,17.9
Diesel,Manual,Third,103948,24.61,17.99
Petrol,Automatic,First,153314,9.28,11.89
Hybrid,Automatic,Fourth & Above,18947,24.54,17.89
Hybrid,Manual,Fourth & Above,58785,14.09,13.99
Petrol,Manual,First,129963,32.43,24.47
Hybrid,Manual,Fourth & Above,10507,20.83,5.74
Petrol,Automatic,Second,168223,14.05,15.82
Hybrid,Manual,Second,21618,31.03,13.3
Petrol,Manual,Second,84286,14.86,6.47
Diesel,Automatic,Fourth & Above,26122,16.28,19.25
Hybrid,Automatic,Second,148426,30.53,8.34
Diesel,Manual,Second,119598,16.34,10.78
Hybrid,Manual,First,172051,19.07,10.62
Hybrid,Automatic,First,96436,17.39,7.62
CNG,Manual,Third,193846,11.14,11.91
Petrol,Manual,Third,146109,9.05,12.89
Diesel,Automatic,Third,38633,27.56,19.12
Diesel,Automatic,Third,34495,25.42,19.6
Diesel,Automatic,First,74550,15.62,5.65
Petrol,Manual,First,46483,15.98,15.63
CNG,Automatic,First,123181,33.52,22.61
Diesel,Automatic,Second,44069,34.67,4.5
Petrol,Manual,Second,148442,20.78,12.88
Hybrid,Manual,Third,129873,29.67,19.26
Diesel,Automatic,Second,126843,27.89,16.06
Diesel,Automatic,Fourth & Above,81947,16.03,4.31
CNG,Manual,First,180205,9.58,11.12
Diesel,Manual,Third,105761,11.85,13.67
Diesel,Automatic,Third,123753,30.63,24.9
Hybrid,Automatic,Fourth & Above,141764,27.74,6.11
Petrol,Manual,Second,38926,25.94,24.6
Petrol,Automatic,Third,109782,11.53,10.65
CNG,Manual,Second,114700,25.28,6.61
Hybrid,Automatic,Second,83984,28.85,11.52
Petrol,Manual,Fourth & Above,184462,31.24,16.12
Hybrid,Manual,Third,59593,8.36,6.91
Petrol,Automatic,Second,85609,26.48,8.7
Hybrid,Automatic,Second,15209,8.52,21.65
CNG,Manual,Fourth & Above,136700,27.09,24.98
Diesel,Automatic,Fourth & Above,147605,25.16,9.32
CNG,Automatic,Second,96597,12.01,5.42
Petrol,Automatic,Fourth & Above,17211,28.69,20.24
CNG,Manual,Second,19927,9.85,15.81
Diesel,Automatic,Third,127333,30.31,4.31
CNG,Automatic,First,165666,15.07,23.78
Petrol,Manual,Fourth & Above,86382,26.6,3.8
Petrol,Automatic,First,149005,32.94,16.38
CNG,Automatic,Second,113780,17.18,11.75
Diesel,Manual,Second,50696,21.58,14.8
CNG,Manual,Second,77616,20.5,6.9
Diesel,Automatic,First,147161,12.26,17.83
Hybrid,Automatic,Second,197620,23.94,24.07
Diesel,Manual,Fourth & Above,167195,28.06,12.54
Hybrid,Manual,Third,148869,32.76,14.03
CNG,Automatic,Third,60013,30.97,7.52
Diesel,Automatic,Fourth & Above,149418,21.77,22.51
Hybrid,Automatic,Third,174744,27.41,24.34
Hybrid,Manual,First,158725,29.62,20.08
Hybrid,Automatic,Second,59556,21.32,14.48
Petrol,Manual,Second,133723,11.12,24.01
CNG,Manual,Second,36140,19.82,5.54
Hybrid,Manual,First,11184,30.75,13.01
Diesel,Automatic,First,175565,24.11,14.36
Hybrid,Automatic,First,185220,27.56,13.31
Petrol,Automatic,Fourth & Above,165918,13.0,20.46
CNG,Manual,First,121361,34.04,17.42
Petrol,Automatic,Third,163267,18.91,4.91
Petrol,Manual,Fourth & Above,15606,25.65,9.97
Petrol,Manual,Fourth & Above,145028,8.51,9.8
Diesel,Manual,Fourth & Above,26555,11.44,15.01
CNG,Manual,First,100385,29.11,8.7
CNG,Manual,Fourth & Above,159762,34.14,4.7
Diesel,Manual,First,68502,16.64,17.03
CNG,Automatic,First,189921,9.0,21.57
Petrol,Manual,Fourth & Above,167419,17.74,23.43
CNG,Automatic,Second,113844,8.47,24.37
Diesel,Manual,Second,101321,13.19,19.97
Petrol,Automatic,Fourth & Above,59056,28.32,5.21
Diesel,Automatic,Second,108234,33.3,21.62
Hybrid,Automatic,Third,51850,10.36,11.2
Petrol,Automatic,Third,37843,23.06,18.79
Petrol,Manual,First,72320,14.85,14.22
CNG,Manual,Second,39793,11.75,21.06
Petrol,Manual,Third,180588,13.91,11.79
Diesel,Manual,Fourth & Above,158929,23.6,3.42
CNG,Automatic,Second,29627,9.76,14.81
Hybrid,Automatic,Third,71822,19.72,5.94
Diesel,Automatic,Third,193320,11.65,24.21
Hybrid,Manual,Fourth & Above,65798,15.36,14.12
Hybrid,Automatic,First,185188,13.15,14.73
Hybrid,Manual,Fourth & Above,85318,31.84,22.87
Petrol,Automatic,First,114186,27.12,16.37
Diesel,Automatic,Third,97902,31.45,8.96
Diesel,Automatic,First,169629,18.35,8.81
Petrol,Automatic,Third,81334,16.46,13.54
CNG,Automatic,Third,116719,18.28,21.93
Hybrid,Manual,Second,133099,8.5,20.28
Diesel,Automatic,First,183686,27.57,24.14
Petrol,Manual,First,22720,17.44,3.65
Hybrid,Manual,First,67608,16.46,8.17
CNG,Manual,Fourth & Above,117449,24.15,3.84
CNG,Manual,Second,112828,19.78,19.27
Hybrid,Manual,Second,136613,34.48,5.24
CNG,Manual,Second,82095,17.62,4.3
Diesel,Manual,Fourth & Above,115924,24.58,14.92
Diesel,Manual,First,106452,16.41,11.46
Diesel,Automatic,First,97593,34.75,18.45
CNG,Automatic,First,176964,20.02,13.2
Diesel,Manual,Second,116975,25.12,11.78
Petrol,Manual,Second,87242,11.42,11.79
Diesel,Manual,Third,126041,27.79,22.05
Diesel,Automatic,Fourth & Above,136202,15.27,11.09
CNG,Automatic,Fourth & Above,87606,20.11,9.67
Diesel,Manual,Second,133769,31.84,9.79
Hybrid,Manual,Third,128542,34.2,6.52
Petrol,Automatic,First,116438,19.46,21.8
CNG,Automatic,Second,10924,30.54,5.37
Petrol,Manual,Fourth & Above,61322,9.44,22.9
Hybrid,Manual,Fourth & Above,167550,30.88,8.52
CNG,Manual,Fourth & Above,81042,25.0,22.69
CNG,Manual,First,56418,21.2,20.19
Diesel,Automatic,Fourth & Above,110699,32.03,15.39
Petrol,Automatic,First,100140,30.82,17.4
Hybrid,Manual,First,21781,16.02,9.49
Hybrid,Manual,First,146587,29.37,15.21
CNG,Manual,Second,127358,10.69,8.73
Diesel,Automatic,First,46133,30.21,11.25
CNG,Manual,Third,107628,26.24,19.59
CNG,Manual,Fourth & Above,86946,10.37,7.61
CNG,Manual,Second,95058,26.44,21.29
CNG,Automatic,Fourth & Above,150167,23.67,10.65
Hybrid,Manual,First,161542,24.05,14.24
Hybrid,Automatic,Second,53129,15.85,23.67
CNG,Manual,Third,18531,15.2,17.67
CNG,Manual,First,47038,28.59,16.85
Diesel,Manual,Fourth & Above,97939,14.93,18.37
CNG,Automatic,Third,52674,20.05,23.12
Hybrid,Manual,First,137572,26.76,7.72
Petrol,Manual,Third,39831,10.15,16.1
Hybrid,Automatic,First,67174,24.05,11.21
Diesel,Automatic,Second,21279,23.91,2.27
Hybrid,Automatic,First,179292,26.47,4.88
Petrol,Manual,Second,70610,17.99,9.47
CNG,Automatic,First,193791,20.12,14.99
Petrol,Manual,First,63051,16.91,22.27
CNG,Automatic,Fourth & Above,66652,29.82,20.2
CNG,Automatic,Third,75524,11.53,14.73
Hybrid,Automatic,Third,16470,34.0,3.7
Hybrid,Manual,Third,182870,25.14,8.58
Hybrid,Manual,First,63473,31.95,10.43
Diesel,Manual,First,160952,19.51,16.3
Hybrid,Manual,First,54439,16.97,3.49
Diesel,Manual,Second,24308,32.32,14.19
Hybrid,Manual,Second,101563,10.67,22.73
CNG,Manual,Fourth & Above,45081,11.16,18.22
Diesel,Manual,First,191455,16.08,20.33
Petrol,Manual,Third,19837,33.91,17.68
Diesel,Automatic,Third,193223,25.09,6.75
Diesel,Automatic,Fourth & Above,128128,22.96,4.54
Petrol,Manual,Third,177896,27.04,21.08
Diesel,Manual,Fourth & Above,174145,19.27,18.0
CNG,Manual,First,122651,28.47,15.23
Hybrid,Manual,Third,107624,18.62,6.35
Petrol,Automatic,First,167371,30.31,15.88
Hybrid,Automatic,Second,199933,15.22,2.72
CNG,Manual,Third,40063,15.49,4.73
Petrol,Automatic,Second,79453,22.1,9.17
Hybrid,Automatic,Third,112166,19.63,12.21
Hybrid,Manual,First,24506,25.5,4.77
CNG,Manual,Fourth & Above,123604,17.84,4.76
Hybrid,Manual,First,36026,14.22,18.7
CNG,Manual,First,168744,20.68,15.1
Diesel,Automatic,First,179489,23.15,14.28
CNG,Manual,Third,62413,11.85,12.41
Diesel,Automatic,Fourth & Above,75066,23.03,24.46
Petrol,Manual,Second,60971,16.62,3.15
Hybrid,Automatic,First,168353,18.6,6.15
CNG,Manual,Third,123978,15.54,16.89
CNG,Manual,Second,169163,33.15,5.14
Hybrid,Automatic,First,60494,26.45,15.56
Hybrid,Automatic,Second,113864,15.09,15.06
Petrol,Automatic,First,159682,25.42,24.33
Petrol,Manual,Second,142151,30.91,22.32
CNG,Automatic,Second,105386,18.84,23.75
Petrol,Automatic,Fourth & Above,187823,30.41,4.61
Diesel,Automatic,Fourth & Above,96126,12.17,21.97
Petrol,Automatic,First,196504,30.22,4.97
Petrol,Automatic,Third,172023,22.59,16.56
CNG,Automatic,Fourth & Above,90863,14.02,18.56
Diesel,Automatic,Second,88291,18.99,5.7
Petrol,Automatic,Fourth & Above,135659,34.68,16.55
Diesel,Automatic,Fourth & Above,17235,29.16,3.21
Diesel,Manual,First,92733,23.53,8.75
Diesel,Manual,Fourth & Above,72712,11.11,23.19
Hybrid,Automatic,Fourth & Above,162545,19.28,5.95
Hybrid,Manual,Second,135849,15.1,3.5
Hybrid,Manual,Fourth & Above,89823,9.92,12.2
Hybrid,Automatic,Second,114215,22.64,21.56
CNG,Automatic,Fourth & Above,42230,32.01,3.76
Petrol,Automatic,Fourth & Above,94573,26.24,10.18
Hybrid,Automatic,Third,50644,14.74,22.69
CNG,Automatic,Fourth & Above,189736,23.49,4.72
Petrol,Automatic,Second,55203,33.47,9.15
Hybrid,Manual,Second,76677,27.52,19.9
Petrol,Automatic,First,166497,26.62,14.49
Hybrid,Manual,First,133246,34.14,21.14
CNG,Automatic,Third,94817,29.57,4.57
Diesel,Automatic,Second,79806,11.69,23.17
Diesel,Manual,Second,52814,17.39,23.5
Petrol,Automatic,Second,80219,34.06,5.57
CNG,Automatic,Third,190718,21.22,2.78
Diesel,Manual,Second,180956,11.01,24.77
Hybrid,Automatic,First,105345,20.38,13.09
Diesel,Manual,Third,110088,26.82,15.16
Petrol,Automatic,First,79322,34.93,16.17
Petrol,Automatic,First,31650,16.75,20.16
CNG,Manual,Third,104242,21.88,20.68
Petrol,Automatic,Fourth & Above,150262,31.75,6.46
Diesel,Manual,Fourth & Above,48196,17.59,7.44
Diesel,Manual,First,180521,10.95,22.17
Diesel,Manual,Fourth & Above,180733,33.62,20.85
Diesel,Automatic,Second,39709,21.19,16.21
CNG,Automatic,Third,90428,21.58,24.88
Hybrid,Manual,First,19943,24.77,18.91
Hybrid,Automatic,Second,184312,8.1,6.96
CNG,Automatic,Fourth & Above,186832,33.14,21.47
Petrol,Automatic,Second,31042,17.76,11.54
Hybrid,Manual,Fourth & Above,53894,18.72,2.83
Petrol,Automatic,First,147941,12.7,9.39
Hybrid,Manual,Second,66759,18.21,19.56
Petrol,Automatic,Third,115973,29.71,24.08
CNG,Automatic,First,54306,29.6,8.35
Diesel,Manual,Second,118369,33.27,7.67
Petrol,Automatic,Second,196443,18.89,14.96
Diesel,Manual,Fourth & Above,161990,27.14,20.67
Petrol,Automatic,First,38379,21.7,19.17
Petrol,Manual,First,130667,29.71,14.88
Petrol,Automatic,First,144034,27.24,16.52
Petrol,Automatic,First,154923,17.93,7.57
Petrol,Automatic,Fourth & Above,127626,17.09,11.95
Diesel,Manual,Third,186819,14.82,7.87
Petrol,Manual,First,135180,23.57,22.34
Diesel,Manual,Fourth & Above,62349,34.02,4.59
CNG,Automatic,Third,197428,13.4,17.63
Hybrid,Manual,Third,155817,10.57,7.99
Petrol,Manual,Fourth & Above,15730,11.22,12.94
Hybrid,Manual,First,154993,29.14,8.89
Diesel,Manual,Third,29023,17.45,9.43
CNG,Manual,First,186421,14.06,7.99
CNG,Manual,First,136796,17.53,19.31
CNG,Manual,Second,91533,25.42,10.41
Hybrid,Manual,First,93286,22.76,18.71
Diesel,Manual,Second,51979,28.08,12.49
Petrol,Manual,Third,32837,17.16,14.59
Petrol,Automatic,Fourth & Above,156069,20.2,14.5
Diesel,Automatic,Second,114975,10.75,24.44
Hybrid,Manual,Fourth & Above,186111,9.97,10.44
Petrol,Automatic,Third,30923,20.48,6.78
Diesel,Automatic,First,18876,16.14,22.97
Petrol,Manual,Third,70973,24.55,6.02
CNG,Manual,Fourth & Above,143959,9.16,21.19
Petrol,Manual,Third,52422,11.29,5.45
Hybrid,Automatic,First,61413,31.36,17.15
Diesel,Manual,Third,112484,23.29,5.46
Hybrid,Automatic,First,143913,27.23,23.23
Diesel,Manual,Second,38756,30.73,15.0
CNG,Automatic,Fourth & Above,81576,20.52,9.57
Diesel,Automatic,First,128248,28.55,5.23
Petrol,Manual,First,20304,22.16,10.54
Petrol,Manual,Third,40341,14.01,18.22
CNG,Automatic,Second,145830,17.12,10.85
Diesel,Automatic,First,158082,21.24,7.66
CNG,Manual,Second,137039,16.56,15.28
Petrol,Manual,Second,172730,17.06,11.61
Hybrid,Automatic,Third,190074,17.11,5.81
CNG,Manual,First,142447,11.32,5.54
Hybrid,Automatic,Third,109485,10.29,18.27
Hybrid,Manual,Fourth & Above,32092,9.26,24.42
Diesel,Manual,Fourth & Above,141562,11.0,7.36
CNG,Manual,First,13729,17.28,19.78
Hybrid,Automatic,Second,147046,24.03,4.01
Hybrid,Manual,First,128222,13.08,10.78
Diesel,Automatic,First,95216,31.98,13.65
Diesel,Manual,Fourth & Above,93860,29.83,8.18
Petrol,Automatic,Fourth & Above,106870,22.05,14.18
Hybrid,Automatic,Second,31398,27.55,22.3
Petrol,Manual,Second,44650,17.89,23.72
Hybrid,Automatic,First,162364,8.99,4.31
Petrol,Automatic,Third,113889,32.42,8.25
Diesel,Automatic,First,13159,11.45,24.52
CNG,Automatic,Second,108162,33.59,8.22
Diesel,Manual,Third,112834,23.44,17.93
Petrol,Manual,Fourth & Above,158137,16.25,7.83
Petrol,Manual,Second,31638,21.38,10.2
CNG,Automatic,Second,11073,21.54,6.4
Hybrid,Automatic,Third,187583,8.63,21.69
Petrol,Manual,Second,39320,17.6,22.3
Petrol,Manual,Second,44924,27.98,8.83
Petrol,Automatic,Second,181806,21.77,20.94
CNG,Manual,Second,78116,14.59,10.24
Diesel,Manual,Second,181097,17.05,4.28
Petrol,Automatic,Second,12159,31.3,19.44
CNG,Manual,Second,58940,22.19,15.72
Petrol,Automatic,Second,89436,22.27,8.31
Hybrid,Manual,Fourth & Above,24678,33.96,7.82
CNG,Automatic,Second,188276,16.66,24.44
Petrol,Automatic,Fourth & Above,153093,20.95,21.84
CNG,Automatic,Fourth & Above,147844,29.92,20.63
Petrol,Automatic,First,77163,28.49,4.94
Diesel,Automatic,First,164536,15.18,19.37
Petrol,Manual,Fourth & Above,61137,12.08,6.93
CNG,Manual,Fourth & Above,171304,26.92,24.48
Hybrid,Manual,Second,71497,14.96,3.2
Hybrid,Automatic,First,110485,32.91,10.1
Hybrid,Manual,Third,192520,11.49,11.86
Petrol,Automatic,First,115468,16.59,20.96
Diesel,Automatic,Fourth & Above,10901,9.48,19.62
Petrol,Manual,Fourth & Above,97980,26.99,10.62
Hybrid,Automatic,Second,117594,32.06,15.01
CNG,Manual,Second,12881,25.17,21.22
Hybrid,Automatic,First,39863,33.32,2.42
CNG,Automatic,Second,146694,11.47,20.45
Diesel,Manual,Third,142450,10.37,23.78
CNG,Automatic,Third,55201,30.64,2.74
Petrol,Manual,Second,69251,31.1,3.05
Petrol,Automatic,Third,82572,30.44,9.92
Petrol,Manual,Third,49255,29.57,4.02
CNG,Automatic,First,73212,17.78,13.02
Petrol,Manual,Third,60210,13.87,18.76
Petrol,Manual,Fourth & Above,135629,33.08,15.04
Petrol,Automatic,Fourth & Above,32499,16.29,6.52
Diesel,Manual,First,112552,18.76,17.06
CNG,Automatic,Second,192700,26.89,17.75
CNG,Automatic,First,71360,15.92,23.45
Hybrid,Manual,Second,145675,30.12,5.38
CNG,Manual,Second,137466,9.89,17.92
Diesel,Manual,Second,95473,29.36,22.96
CNG,Manual,Second,153704,24.25,13.54
Diesel,Manual,Second,171679,23.47,10.32
Diesel,Automatic,First,101873,20.38,5.93
CNG,Manual,Second,75756,15.48,21.94
Hybrid,Automatic,Third,188066,20.53,11.07
Petrol,Manual,Third,66344,20.15,23.27
Petrol,Manual,Second,194847,23.76,21.5
CNG,Manual,Third,148421,15.6,10.66
CNG,Automatic,Fourth & Above,81154,10.1,15.2
Diesel,Manual,First,37464,11.92,2.63
CNG,Automatic,First,183696,26.88,8.05
Diesel,Automatic,Second,131897,8.61,18.34
Hybrid,Automatic,Second,47344,31.12,17.59
CNG,Manual,Fourth & Above,93791,26.75,10.13
Petrol,Automatic,Second,165371,28.74,20.6
Petrol,Manual,Third,189047,30.57,7.42
CNG,Automatic,Fourth & Above,142534,11.31,12.61
Diesel,Manual,Third,130209,30.21,12.87
Petrol,Automatic,First,91441,21.63,9.84
Diesel,Manual,Third,100456,31.91,23.96
CNG,Manual,First,91788,31.94,18.02
CNG,Manual,Third,181653,8.65,14.4
Petrol,Automatic,First,24175,18.34,13.74
CNG,Automatic,Second,147263,22.21,5.66
Hybrid,Manual,Third,93434,26.32,10.56
Hybrid,Automatic,First,94518,15.73,17.47
Petrol,Automatic,Third,76537,14.81,23.27
Hybrid,Automatic,Fourth & Above,125721,18.29,20.78
Diesel,Automatic,Second,57645,21.53,8.91
Petrol,Automatic,First,33283,33.68,11.98
Petrol,Automatic,Fourth & Above,96971,28.58,3.91
Diesel,Automatic,Third,102759,19.59,4.35
Hybrid,Manual,Fourth & Above,112780,9.47,12.82
Hybrid,Manual,Third,171096,12.55,14.2
Hybrid,Automatic,Second,190702,20.31,8.07
Petrol,Manual,Fourth & Above,40734,29.97,16.78
Petrol,Manual,Second,10515,18.28,18.18
Hybrid,Manual,First,120782,22.54,8.88
CNG,Automatic,Third,76727,32.08,19.44
Hybrid,Automatic,Third,119164,32.67,6.73
Diesel,Automatic,Second,56216,13.83,14.52
Petrol,Automatic,Second,81833,9.18,20.5
Diesel,Automatic,First,68755,16.25,14.35
Diesel,Manual,Fourth & Above,37856,26.79,22.88
Petrol,Automatic,Third,83870,33.68,3.35
CNG,Manual,Third,165234,10.08,15.53
Hybrid,Automatic,First,147080,8.77,14.92
Diesel,Manual,First,17987,31.87,17.19
Petrol,Automatic,Second,106502,28.2,21.17
Diesel,Automatic,Second,144404,34.79,18.69
Hybrid,Automatic,Fourth & Above,76323,18.71,20.18
CNG,Automatic,First,180062,19.23,8.64
CNG,Automatic,Fourth & Above,19873,12.65,10.91
CNG,Automatic,First,177516,11.13,16.42
Petrol,Manual,Third,176412,23.63,14.73
Petrol,Automatic,First,115219,17.84,24.11
CNG,Manual,First,15033,10.17,6.3
Hybrid,Automatic,Third,83324,31.95,10.08
Hybrid,Manual,First,25689,13.36,15.17
Petrol,Manual,Fourth & Above,119756,28.21,21.96
CNG,Manual,Second,10066,15.62,23.38
Hybrid,Manual,Second,124159,29.95,9.73
Hybrid,Manual,Fourth & Above,186318,11.2,3.54
Hybrid,Manual,Third,17533,28.41,11.7
Petrol,Automatic,First,125828,10.65,11.07
CNG,Manual,Fourth & Above,69658,20.07,24.69
Diesel,Automatic,Second,48498,27.82,11.91
CNG,Automatic,Second,119028,12.68,9.03
CNG,Manual,Fourth & Above,21772,15.71,10.4
Petrol,Manual,Second,99385,31.35,11.13
Hybrid,Automatic,Fourth & Above,190108,31.9,20.9
Hybrid,Manual,Second,199603,9.21,3.86
Petrol,Manual,Fourth & Above,22940,12.54,9.28
Petrol,Manual,First,128027,11.17,24.23
Petrol,Manual,First,26932,12.85,5.52
Petrol,Manual,First,197899,34.2,19.08
Petrol,Manual,First,34648,22.89,10.2
Diesel,Manual,Second,42966,20.64,15.38
CNG,Automatic,Third,168849,34.58,4.29
CNG,Manual,Fourth & Above,173639,23.04,9.05
CNG,Automatic,Third,158246,25.85,13.52
Hybrid,Automatic,Second,52598,16.98,7.33
Diesel,Automatic,Second,154870,18.32,14.46
CNG,Automatic,Third,158630,24.05,7.05
Hybrid,Manual,Third,71084,9.88,16.95
Diesel,Automatic,Second,185309,14.91,22.8
Diesel,Automatic,Second,141250,13.31,3.97
Hybrid,Automatic,Fourth & Above,27118,8.43,6.98
Diesel,Automatic,First,32616,22.5,21.42
Hybrid,Automatic,First,141870,23.15,16.53
CNG,Manual,Fourth & Above,17601,18.37,3.81
Hybrid,Manual,Third,35363,15.26,13.19
Diesel,Automatic,Second,12795,25.61,6.82
CNG,Manual,Third,107462,11.64,6.58
CNG,Manual,First,186336,22.0,23.63
Petrol,Automatic,First,112892,28.74,19.52
Petrol,Automatic,Third,82833,12.44,18.01
Diesel,Automatic,First,13084,28.34,7.5
Hybrid,Manual,Second,105865,28.54,4.73
Hybrid,Automatic,Fourth & Above,10731,9.62,22.03
Diesel,Manual,Third,142201,8.51,2.14
CNG,Manual,Second,169094,34.3,10.93
Diesel,Manual,Second,11605,13.22,8.39
Diesel,Automatic,First,87506,30.2,15.12
CNG,Manual,Second,54130,23.17,7.76
Hybrid,Automatic,Third,170337,15.14,9.16
Diesel,Automatic,Second,173402,11.51,21.55
Hybrid,Automatic,Fourth & Above,78469,21.41,15.87
Diesel,Automatic,Second,156259,19.0,5.35
CNG,Automatic,Second,166863,26.87,18.71
CNG,Manual,Fourth & Above,100436,32.41,6.77
Petrol,Manual,Second,122341,29.74,11.96
CNG,Manual,Second,180939,15.41,16.87
Petrol,Manual,First,141965,31.73,8.25
Diesel,Manual,Third,109694,30.5,10.83
Hybrid,Automatic,First,29773,33.09,18.89
CNG,Automatic,Third,14239,20.38,23.57
CNG,Manual,Fourth & Above,30863,28.75,14.17
CNG,Manual,Fourth & Above,61415,23.97,2.23
Diesel,Manual,Fourth & Above,78968,16.38,9.78
Petrol,Automatic,Third,70430,34.85,11.17
Diesel,Automatic,Third,11515,9.03,9.8
Hybrid,Automatic,Third,107206,12.38,12.03
Diesel,Manual,Fourth & Above,155677,32.1,16.55
Hybrid,Manual,Third,66240,9.64,4.79
CNG,Manual,Second,15586,31.94,8.27
Hybrid,Manual,First,130419,27.31,13.68
Hybrid,Automatic,Fourth & Above,132374,8.99,9.26
Petrol,Manual,First,41186,19.59,24.79
Hybrid,Manual,Second,36928,28.37,11.92
Hybrid,Manual,Third,132990,23.74,22.01
Diesel,Automatic,First,97029,33.27,22.62
CNG,Automatic,Second,30711,31.43,21.23
Diesel,Manual,Second,64962,16.98,3.08
Diesel,Automatic,First,30039,10.28,23.8
CNG,Automatic,Fourth & Above,46561,33.49,4.96
CNG,Automatic,First,11577,21.97,2.79
Hybrid,Automatic,Fourth & Above,117792,10.01,11.53
Hybrid,Automatic,Third,169422,30.05,6.48
Petrol,Manual,Fourth & Above,174870,31.45,6.24
Diesel,Manual,Third,20785,25.26,8.62
CNG,Manual,First,82227,20.08,7.71
Hybrid,Automatic,Third,128680,25.88,17.75
CNG,Automatic,Second,71957,27.08,6.3
Hybrid,Automatic,Third,75431,32.11,14.49
Petrol,Automatic,Fourth & Above,158369,33.81,24.69
Petrol,Manual,Fourth & Above,81894,21.89,11.94
CNG,Manual,Fourth & Above,160653,29.56,16.76
Petrol,Manual,Third,65192,34.04,24.3
CNG,Manual,Fourth & Above,11462,12.08,5.17
Hybrid,Manual,Fourth & Above,138848,8.49,11.63
Diesel,Manual,Second,156583,31.46,21.55
Petrol,Automatic,Third,86106,13.27,23.44
Hybrid,Automatic,Second,58665,9.15,15.83
Diesel,Manual,Fourth & Above,185486,12.32,5.3
Diesel,Automatic,Fourth & Above,91010,18.37,22.73
Diesel,Manual,Fourth & Above,82573,13.92,6.01
Hybrid,Manual,Third,117803,16.24,10.12
Hybrid,Automatic,First,129682,34.33,10.64
CNG,Manual,Fourth & Above,23386,27.02,12.29
Diesel,Manual,Fourth & Above,134069,27.23,20.17
Diesel,Manual,Fourth & Above,64460,10.56,20.45
Diesel,Automatic,Fourth & Above,147293,27.77,18.55
CNG,Automatic,Third,164546,27.96,2.51
Diesel,Automatic,First,125375,25.81,14.99
Hybrid,Automatic,First,122660,14.17,19.19
Diesel,Manual,First,162117,19.42,12.23
Petrol,Automatic,Fourth & Above,101319,30.85,23.73
Hybrid,Automatic,Fourth & Above,126582,26.1,20.95
CNG,Automatic,First,145994,27.78,16.68
Diesel,Manual,First,163778,23.86,3.44
Petrol,Automatic,Fourth & Above,52771,20.14,17.0
CNG,Automatic,Fourth & Above,62335,28.49,22.97
CNG,Manual,Second,62949,9.83,10.73
Hybrid,Manual,Second,105558,26.18,21.28
CNG,Manual,Second,156312,34.92,9.2
CNG,Manual,First,112272,29.07,15.11
CNG,Automatic,Third,12716,15.85,16.91
CNG,Manual,Fourth & Above,157646,15.5,17.59
Diesel,Automatic,Second,185138,26.01,22.3
Diesel,Automatic,Third,161285,32.19,7.4
Diesel,Automatic,Fourth & Above,81916,23.6,8.03
Diesel,Automatic,Third,60906,22.24,18.19
Petrol,Automatic,First,10463,12.33,6.08
Diesel,Manual,First,173045,27.32,12.68
CNG,Automatic,First,84694,26.96,2.46
Diesel,Automatic,Second,161723,34.11,5.24
Diesel,Automatic,Fourth & Above,78694,16.11,17.61
Hybrid,Manual,First,30008,28.42,19.19
CNG,Automatic,Second,80474,19.72,4.65
Diesel,Automatic,Second,48185,23.08,7.24
Diesel,Manual,Second,97924,30.04,4.27
Diesel,Automatic,Second,44980,13.99,11.97
Petrol,Automatic,First,32504,17.26,4.9
Diesel,Manual,Second,64970,28.88,12.06
Hybrid,Automatic,First,26766,23.4,18.84
CNG,Automatic,First,126944,10.5,17.72
CNG,Automatic,Second,103922,19.62,8.45
Diesel,Automatic,First,152767,23.84,17.5
Diesel,Automatic,Fourth & Above,158868,32.56,23.34
Diesel,Manual,Fourth & Above,183615,13.09,9.99
CNG,Manual,Third,155631,29.76,9.57
CNG,Manual,Fourth & Above,174211,11.53,15.14
Petrol,Automatic,First,130494,14.54,7.65
Hybrid,Automatic,First,18802,14.57,16.99
Petrol,Automatic,Fourth & Above,181277,31.69,21.14
Hybrid,Manual,Second,44159,13.37,12.56
Petrol,Automatic,Second,21516,29.25,17.63
CNG,Automatic,First,60492,20.47,16.99
Petrol,Automatic,Second,39086,34.98,2.89
Hybrid,Manual,Third,123758,30.66,6.22
Diesel,Manual,Third,40480,27.97,22.55
Hybrid,Automatic,Fourth & Above,193163,31.51,23.59
Diesel,Automatic,Fourth & Above,138023,25.12,19.95
CNG,Automatic,Second,120195,30.78,23.19
Hybrid,Manual,First,188838,15.05,9.04
Petrol,Manual,Fourth & Above,48737,10.64,7.7
Hybrid,Manual,Third,19265,24.63,10.84
Diesel,Automatic,Fourth & Above,124165,19.74,3.27
CNG,Manual,Fourth & Above,129501,19.51,20.63
Petrol,Automatic,Third,80990,22.22,24.64
Hybrid,Automatic,First,25386,17.76,20.95
Diesel,Manual,Fourth & Above,114718,24.9,14.76
Petrol,Automatic,Fourth & Above,47425,8.83,8.79
CNG,Manual,Fourth & Above,131635,34.19,6.55
Petrol,Automatic,Second,184326,32.97,10.37
CNG,Automatic,Fourth & Above,63634,33.25,17.34
Petrol,Manual,Third,188734,17.86,12.28
Hybrid,Automatic,First,96988,22.36,23.48
Diesel,Automatic,First,116337,33.76,21.65
Hybrid,Automatic,Third,151215,32.36,4.36
Hybrid,Automatic,Second,156653,29.34,5.03
CNG,Automatic,Third,77443,19.0,17.55
CNG,Automatic,First,39424,23.24,7.31
CNG,Automatic,Third,98844,29.41,20.19
Hybrid,Automatic,Second,51984,15.37,15.6
Petrol,Manual,First,51505,24.91,7.29
Petrol,Manual,Second,112478,30.35,13.01
Hybrid,Automatic,Third,72699,27.1,11.34
Hybrid,Automatic,Fourth & Above,168029,20.95,22.08
Diesel,Manual,Third,166536,23.78,2.74
CNG,Automatic,Second,124012,34.69,22.6
CNG,Manual,Third,164721,24.25,17.0
Hybrid,Manual,Fourth & Above,183137,29.21,18.96
Hybrid,Manual,Second,44758,27.62,2.06
Petrol,Automatic,Third,146668,26.94,16.45
Hybrid,Automatic,Second,26374,27.34,15.54
Petrol,Automatic,Second,128686,20.27,14.36
Hybrid,Manual,First,13775,20.8,20.07
Diesel,Manual,First,37388,20.63,14.79
Diesel,Manual,Second,133800,8.9,21.71
Petrol,Automatic,Third,31029,14.51,7.35
CNG,Manual,Third,93981,12.17,20.54
Diesel,Manual,Third,63639,31.93,6.12
Petrol,Automatic,Fourth & Above,124010,15.42,20.7
Hybrid,Manual,Second,155717,11.74,23.63
Hybrid,Manual,Second,41105,11.23,9.72
Petrol,Automatic,Fourth & Above,154740,26.9,14.19
CNG,Automatic,Second,157032,8.16,17.14
Petrol,Manual,Second,136519,20.73,3.83
Petrol,Automatic,Fourth & Above,152429,11.21,13.36
Diesel,Manual,First,112739,30.94,10.29
Petrol,Automatic,Second,61796,33.88,22.07
Petrol,Manual,Fourth & Above,25804,33.89,22.16
Hybrid,Automatic,Third,137732,19.93,18.12
Diesel,Manual,First,155698,25.4,17.08
Hybrid,Automatic,Third,169204,24.19,18.87
Hybrid,Automatic,Second,17951,17.45,10.42
CNG,Automatic,First,147521,19.99,11.3
CNG,Automatic,Fourth & Above,29065,9.74,14.74
Diesel,Automatic,Second,111503,29.48,23.57
Diesel,Automatic,Fourth & Above,115072,14.5,18.65
CNG,Automatic,First,150202,20.43,14.67
CNG,Manual,Third,99360,20.98,19.72
CNG,Manual,Second,72287,23.14,10.53
CNG,Automatic,Second,192774,30.08,18.8
CNG,Automatic,Fourth & Above,178065,26.68,11.45
Hybrid,Manual,First,172947,25.9,8.43
Diesel,Manual,Fourth & Above,147126,22.22,16.02
Hybrid,Automatic,First,117357,10.59,17.8
Hybrid,Manual,Second,189589,18.85,12.56
Petrol,Manual,First,39670,33.85,15.01
Hybrid,Automatic,Second,59112,34.88,17.96
CNG,Automatic,First,98388,27.72,19.66
CNG,Automatic,Third,99156,14.14,22.6
Petrol,Manual,First,169379,10.75,10.15
Petrol,Automatic,Third,57922,19.2,23.88
Petrol,Automatic,First,103348,31.13,16.66
Petrol,Manual,First,89335,27.49,20.12
Petrol,Automatic,Fourth & Above,36312,31.87,18.09
Hybrid,Manual,Fourth & Above,76985,24.63,6.73
Petrol,Manual,Second,140744,11.52,3.64
Hybrid,Manual,Fourth & Above,198680,11.1,18.7
Diesel,Manual,First,110963,9.3,13.75
Petrol,Manual,Fourth & Above,181349,23.31,18.15
Petrol,Manual,First,41551,14.56,12.97
Hybrid,Automatic,Third,99813,27.83,9.18
Diesel,Automatic,First,197669,26.53,8.56
Hybrid,Automatic,Second,111025,16.59,18.8
Hybrid,Manual,Third,134342,12.77,8.37
Petrol,Automatic,Second,186284,10.76,18.44
CNG,Manual,Second,19637,27.91,10.83
CNG,Automatic,Second,53258,20.16,19.73
Hybrid,Manual,Fourth & Above,176765,16.74,5.28
Petrol,Automatic,Second,150896,31.13,6.71
Diesel,Manual,Third,139553,24.03,17.78
CNG,Automatic,First,36950,21.99,14.89
Diesel,Manual,Second,164560,28.07,6.69
CNG,Automatic,Third,137870,30.02,22.77
Petrol,Manual,Second,10215,26.52,8.35
Hybrid,Automatic,First,115603,19.88,11.68
Diesel,Automatic,Third,21523,18.24,6.65
Diesel,Automatic,Third,78689,28.83,10.92
Hybrid,Manual,First,33834,21.98,13.31
Diesel,Manual,Third,44474,27.02,8.79
CNG,Manual,First,53066,32.04,19.69
Hybrid,Manual,Third,20400,32.73,11.06
CNG,Manual,Third,135211,15.5,18.78
CNG,Automatic,First,20345,13.07,6.76
Petrol,Manual,First,43896,15.05,10.67
CNG,Automatic,Third,38899,28.29,2.19
Petrol,Automatic,Third,38229,17.99,19.45
Diesel,Manual,First,15583,12.68,16.4
Diesel,Automatic,Fourth & Above,145969,10.66,20.81
Petrol,Manual,First,81537,16.84,12.48
CNG,Manual,Third,145639,11.68,20.39
Hybrid,Manual,Third,84807,12.22,16.89
Hybrid,Automatic,Third,139648,26.46,2.08
Petrol,Manual,First,122652,8.53,7.83
Diesel,Manual,Third,154401,11.17,13.36
Diesel,Manual,Fourth & Above,81792,30.8,16.23
Hybrid,Automatic,Second,141300,30.81,3.51
Petrol,Manual,Fourth & Above,47052,16.89,18.22
Hybrid,Automatic,First,198841,10.37,14.5
CNG,Automatic,Third,56032,27.03,14.09
CNG,Manual,First,43686,17.72,8.72
Petrol,Automatic,Second,86981,9.23,15.68
Petrol,Automatic,First,108802,12.26,2.63
CNG,Manual,Third,143881,11.7,3.49
Diesel,Manual,Second,182857,23.91,18.88
Petrol,Manual,Second,177619,32.25,9.4
CNG,Automatic,Third,52818,29.41,9.98
CNG,Manual,Third,110422,22.76,6.79
Diesel,Automatic,Third,81927,19.4,12.25
Diesel,Automatic,First,89465,24.7,3.2
Diesel,Automatic,Fourth & Above,123221,19.98,8.91
Diesel,Automatic,First,47333,14.64,14.12
Hybrid,Automatic,First,136457,26.34,12.71
Diesel,Manual,Fourth & Above,26576,31.58,24.99
Hybrid,Manual,Third,129875,18.07,10.94
Petrol,Automatic,Third,49405,30.72,10.9
CNG,Automatic,Fourth & Above,104000,19.64,13.58
Hybrid,Manual,Fourth & Above,41601,18.84,6.38
Petrol,Manual,First,77946,8.76,22.16
Petrol,Automatic,Second,62116,26.77,15.16
Hybrid,Automatic,Fourth & Above,114186,29.8,6.42
Petrol,Manual,First,72894,25.92,20.25
Petrol,Manual,Second,175707,12.09,2.79
Hybrid,Automatic,Third,17465,10.79,24.6
Petrol,Manual,Third,66754,23.47,21.9
Diesel,Manual,First,102850,18.84,15.33